pair,entry_date,exit_date,direction,entry_price,exit_price,size,profit_pct,profit_dollars,periods_held,exit_reason,confidence,capital_after
GBPUSD,2025-11-19 01:55:00+00:00,2025-11-19 09:55:00+00:00,short,1.3132,1.3124069999999999,76.14406457016676,0.0006038684130368899,0.06038224320414558,96,trailing_stop,0.753406286239624,500.0603822432042
GBPUSD,2025-11-19 02:00:00+00:00,2025-11-19 10:15:00+00:00,short,1.31284,1.311774,76.16494280012796,0.0008119801346698846,0.08119182902493727,99,trailing_stop,0.8498227596282959,500.1415740722291
GBPUSD,2025-11-19 08:55:00+00:00,2025-11-19 11:00:00+00:00,short,1.31234,1.3109359999999999,76.19453989927082,0.0014419068229270691,0.1441807944042814,25,trailing_stop,0.7259728908538818,500.2857548666334
GBPUSD,2025-11-19 09:45:00+00:00,2025-11-19 11:00:00+00:00,short,1.31182,1.3102145,76.22474102644236,0.0012238721775852835,0.12237882171794762,15,trailing_stop,0.7405011057853699,500.40813368835137
GBPUSD,2025-11-19 10:00:00+00:00,2025-11-19 11:00:00+00:00,short,1.3117,1.3101725,76.24033880823359,0.0011645193260655072,0.11645711752958642,12,trailing_stop,0.7549659609794617,500.52459080588096
GBPUSD,2025-11-19 10:05:00+00:00,2025-11-19 11:05:00+00:00,short,1.31108,1.3106575,76.27638954883452,0.00032225340940292914,0.032226774584381994,12,trailing_stop,0.79102623462677,500.55681758046535
USDJPY,2025-11-19 10:00:00+00:00,2025-11-19 11:10:00+00:00,long,155.984,156.1816,0.6412017005734268,0.001266796594522478,0.12670145603330546,14,trailing_stop,0.7610324025154114,500.68351903649864
USDJPY,2025-11-19 10:15:00+00:00,2025-11-19 11:10:00+00:00,long,155.996,156.1858,0.641256473667499,0.0012166978640477388,0.1217104787020856,11,trailing_stop,0.6857883334159851,500.8052295152007
USDJPY,2025-11-19 10:25:00+00:00,2025-11-19 11:10:00+00:00,long,156.006,156.1893,0.6412194773902435,0.0011749548094304237,0.11753553020563336,9,trailing_stop,0.8406098484992981,500.9227650454064
USDJPY,2025-11-19 10:35:00+00:00,2025-11-19 11:10:00+00:00,long,156.118,156.2207,0.6407553315895574,0.0006578357396328334,0.06580557255424671,7,trailing_stop,0.9062859416007996,500.98857061796065
USDJPY,2025-11-19 09:45:00+00:00,2025-11-19 11:15:00+00:00,long,155.949,156.16155,0.6412722842118763,0.0016177673470172678,0.16178607156598426,18,trailing_stop,0.8482643961906433,501.15035668952663
USDJPY,2025-11-19 09:55:00+00:00,2025-11-19 11:15:00+00:00,long,155.965,156.16715000000002,0.6412839291123191,0.0015776744782483917,0.15779560616524216,16,trailing_stop,0.7851384878158569,501.30815229569185
USDJPY,2025-11-19 09:40:00+00:00,2025-11-19 11:30:00+00:00,long,155.866,156.14030000000002,0.6416096703409514,0.0018559069970359573,0.18560022584660818,22,trailing_stop,0.69159334897995,501.49375252153845
USDJPY,2025-11-19 10:50:00+00:00,2025-11-19 14:15:00+00:00,long,156.226,156.3235,0.6403123507818935,0.0006240958611242469,0.06243045420123243,41,trailing_stop,0.6700111627578735,501.55618297573966
USDJPY,2025-11-19 10:55:00+00:00,2025-11-19 14:30:00+00:00,long,156.252,156.3391,0.6402017012668938,0.0005574328648592812,0.055761568180341586,43,trailing_stop,0.6675804853439331,501.61194454392
EURUSD,2025-11-19 14:05:00+00:00,2025-11-19 15:10:00+00:00,short,1.15643,1.1554095,86.72536381380853,0.0008824572174710883,0.08850323377199948,13,trailing_stop,0.819353461265564,501.700447777692
EURUSD,2025-11-19 14:10:00+00:00,2025-11-19 15:10:00+00:00,short,1.15633,1.1553745,86.73211333625127,0.0008263212058842276,0.08287253429279755,12,trailing_stop,0.7263278961181641,501.78332031198477
USDJPY,2025-11-19 14:35:00+00:00,2025-11-19 15:10:00+00:00,long,156.45,156.6216,0.6412752899399393,0.001096836049856262,0.1100428397537014,7,trailing_stop,0.8037302494049072,501.89336315173847
EURUSD,2025-11-19 09:40:00+00:00,2025-11-19 15:15:00+00:00,short,1.15692,1.155516,86.4304235090752,0.0012135670573591613,0.1213483146067382,67,trailing_stop,0.6725926399230957,502.0147114663452
USDJPY,2025-11-19 14:00:00+00:00,2025-11-19 15:15:00+00:00,long,156.347,156.58555,0.6415424747621062,0.0017154636801473783,0.17206656745400647,15,trailing_stop,0.6804560422897339,502.1867780337992
USDJPY,2025-11-19 14:15:00+00:00,2025-11-19 15:15:00+00:00,long,156.399,156.58814999999998,0.6414090017081944,0.0015256440258568805,0.15304608877038464,12,trailing_stop,0.7726603150367737,502.3398241225696
EURUSD,2025-11-19 14:55:00+00:00,2025-11-19 15:50:00+00:00,short,1.15547,1.1545925000000001,86.8178693338964,0.000759431227119583,0.07618268034048234,11,trailing_stop,0.7920361757278442,502.4160068029101
GBPUSD,2025-11-19 15:30:00+00:00,2025-11-19 15:55:00+00:00,short,1.30923,1.3079299999999998,76.73293375531873,0.0009929500546123134,0.09975281388192041,5,trailing_stop,0.8100643754005432,502.515759616792
GBPUSD,2025-11-19 10:45:00+00:00,2025-11-19 16:00:00+00:00,short,1.31041,1.308343,76.32894170458823,0.001746421349043448,0.1746809203013198,63,trailing_stop,0.8093482255935669,502.69044053709337
AUDUSD,2025-11-19 15:40:00+00:00,2025-11-19 16:05:00+00:00,short,0.64705,0.6466665,155.25399435114647,0.0005926899003167932,0.059539906833661733,5,trailing_stop,0.883693516254425,502.74998044392703
AUDUSD,2025-11-19 15:45:00+00:00,2025-11-19 16:15:00+00:00,short,0.64696,0.6463815,155.2779895899878,0.0008941820205266575,0.0898283169777965,6,trailing_stop,0.6690597534179688,502.8398087609048
EURUSD,2025-11-19 15:05:00+00:00,2025-11-19 16:40:00+00:00,short,1.15478,1.1539935,86.86974084199296,0.0006810821108782827,0.06832305117222949,19,trailing_stop,0.7379641532897949,502.90813181207704
EURUSD,2025-11-19 15:00:00+00:00,2025-11-19 16:45:00+00:00,short,1.15502,1.1540774999999999,86.85244345356986,0.0008160031860920748,0.08185842795499552,21,trailing_stop,0.914595901966095,502.98999024003206
EURUSD,2025-11-19 15:40:00+00:00,2025-11-19 17:40:00+00:00,short,1.15418,1.153205,87.04101746964629,0.0008447555840509697,0.08486499203290063,24,trailing_stop,0.8194223046302795,503.074855232065
EURUSD,2025-11-19 15:45:00+00:00,2025-11-19 17:40:00+00:00,short,1.15405,1.1531595,87.05082167911233,0.0007716303453057729,0.07751875670526061,23,trailing_stop,0.6767100095748901,503.15237398877025
GBPUSD,2025-11-19 15:45:00+00:00,2025-11-19 17:45:00+00:00,short,1.30722,1.306375,76.850323428475,0.0006464099386484177,0.06493852329706018,24,trailing_stop,0.7602485418319702,503.21731251206734
GBPUSD,2025-11-19 16:05:00+00:00,2025-11-19 17:45:00+00:00,short,1.30719,1.3063645,76.91542446054817,0.0006315072789725637,0.0634936828921937,20,trailing_stop,0.677067756652832,503.28080619495955
AUDUSD,2025-11-19 16:05:00+00:00,2025-11-19 17:45:00+00:00,short,0.64615,0.6455975,155.59715899969888,0.0008550646134797737,0.08596743034732675,20,trailing_stop,0.8046749830245972,503.3667736253069
USDJPY,2025-11-19 14:55:00+00:00,2025-11-19 17:50:00+00:00,long,156.632,156.78085,0.6405301161302482,0.0009503166658152977,0.09534290778597573,35,trailing_stop,0.8007907271385193,503.46211653309285
GBPUSD,2025-11-19 15:35:00+00:00,2025-11-19 17:50:00+00:00,short,1.30809,1.306595,76.79980188086802,0.0011428877217928614,0.11481570381189952,27,trailing_stop,0.862449049949646,503.5769322369047
GBPUSD,2025-11-19 15:40:00+00:00,2025-11-19 17:50:00+00:00,short,1.30743,1.3064485000000001,76.83856830068673,0.0007507094070045573,0.0754170547871216,26,trailing_stop,0.8331320285797119,503.65234929169185
USDJPY,2025-11-19 15:00:00+00:00,2025-11-19 17:55:00+00:00,long,156.69,156.75565,0.6402848338616833,0.00041898015189230386,0.04203469934302277,35,trailing_stop,0.7765920758247375,503.6943839910349
EURUSD,2025-11-19 16:05:00+00:00,2025-11-19 17:55:00+00:00,short,1.15394,1.153199,87.1302023264635,0.0006421477719811087,0.06456347992389906,22,trailing_stop,0.8061398267745972,503.7589474709588
EURUSD,2025-11-19 16:25:00+00:00,2025-11-19 19:30:00+00:00,short,1.15349,1.1527034999999999,87.1805209544202,0.0006818437957849859,0.06856747973065352,37,trailing_stop,0.682767927646637,503.8275149506894
GBPUSD,2025-11-19 17:20:00+00:00,2025-11-19 20:05:00+00:00,short,1.30633,1.3051145,77.00280005511736,0.00093046933010804,0.09359690346699792,33,trailing_stop,0.8170796632766724,503.92111185415644
GBPUSD,2025-11-19 17:30:00+00:00,2025-11-19 20:05:00+00:00,short,1.30601,1.3050285,77.0216660653904,0.0007515256391604724,0.07559676524317825,31,trailing_stop,0.7896857857704163,503.9967086193996
GBPUSD,2025-11-19 16:35:00+00:00,2025-11-19 20:10:00+00:00,short,1.30685,1.3052965,76.94976911707664,0.0011887362742472245,0.11954146632337743,43,trailing_stop,0.7151823043823242,504.116250085723
USDJPY,2025-11-19 17:25:00+00:00,2025-11-19 20:10:00+00:00,long,156.808,156.9601,0.6415688651020818,0.0009699760216316678,0.09758262438203855,33,trailing_stop,0.7567752003669739,504.213832710105
USDJPY,2025-11-19 19:00:00+00:00,2025-11-19 22:05:00+00:00,long,156.917,157.08599999999998,0.6421074100376767,0.0010770024917630514,0.10851615229635628,37,trailing_stop,0.8649709820747375,504.3223488624014
USDJPY,2025-11-19 19:35:00+00:00,2025-11-19 22:05:00+00:00,long,156.963,157.1021,0.6419984135053002,0.0008861961099113379,0.0893019793185958,30,trailing_stop,0.8861855268478394,504.41165084171996
USDJPY,2025-11-19 19:40:00+00:00,2025-11-19 22:05:00+00:00,long,156.979,157.1077,0.6419370647453216,0.0008198548850481957,0.08261730023271052,29,trailing_stop,0.9134616851806641,504.49426814195266
USDJPY,2025-11-19 19:45:00+00:00,2025-11-19 22:05:00+00:00,long,156.989,157.1112,0.6418920831059477,0.0007783984865181147,0.07843921255554187,28,trailing_stop,0.8395662903785706,504.5727073545082
USDJPY,2025-11-19 19:50:00+00:00,2025-11-19 22:05:00+00:00,long,157.011,157.1189,0.6418103144554711,0.0006872129978154446,0.06925133292974582,27,trailing_stop,0.7842692136764526,504.641958687438
USDJPY,2025-11-19 19:55:00+00:00,2025-11-20 01:00:00+00:00,long,157.041,157.041,0.6416877005332536,0.0,0.0,61,trailing_stop,0.7660455703735352,504.641958687438
USDJPY,2025-11-20 00:25:00+00:00,2025-11-20 02:10:00+00:00,long,157.184,157.36925,0.6421361514320737,0.001178555069218218,0.11895572205278933,21,trailing_stop,0.8980330228805542,504.7609144094908
USDJPY,2025-11-20 00:40:00+00:00,2025-11-20 02:10:00+00:00,long,157.177,157.36679999999998,0.64217700862456,0.0012075558128733282,0.12188519623693576,18,trailing_stop,0.7355688214302063,504.8827996057277
USDJPY,2025-11-20 00:50:00+00:00,2025-11-20 02:10:00+00:00,long,157.194,157.37275,0.6420993844036492,0.0011371299159001487,0.1147752649621574,16,trailing_stop,0.8300905823707581,504.99757487068985
USDJPY,2025-11-20 01:40:00+00:00,2025-11-20 02:15:00+00:00,long,157.296,157.39999999999998,0.6416789058128248,0.0006611738378597357,0.06673460620452415,7,trailing_stop,0.8571475148200989,505.0643094768944
GBPUSD,2025-11-19 19:10:00+00:00,2025-11-20 02:20:00+00:00,short,1.30549,1.3045084999999998,77.1695474798304,0.0007518249852547247,0.07574191085146824,86,trailing_stop,0.6910478472709656,505.14005138774587
GBPUSD,2025-11-19 19:15:00+00:00,2025-11-20 02:20:00+00:00,short,1.30538,1.30447,77.17664097542783,0.000697115016317062,0.07023074328763673,85,trailing_stop,0.6832796335220337,505.2102821310335
EURUSD,2025-11-19 19:00:00+00:00,2025-11-20 03:50:00+00:00,short,1.15242,1.1515555,87.42020780407094,0.0007501605317506168,0.07557476964662334,106,trailing_stop,0.7476110458374023,505.28585690068013
USDJPY,2025-11-20 01:45:00+00:00,2025-11-20 05:15:00+00:00,long,157.322,157.46045,0.641581009315803,0.0008800422064301621,0.08882689073977675,42,trailing_stop,0.6775816679000854,505.3746837914199
USDJPY,2025-11-20 01:50:00+00:00,2025-11-20 06:05:00+00:00,long,157.398,157.5241,0.6412671262762174,0.0008011537630720092,0.08086378462343621,51,trailing_stop,0.6836212873458862,505.45554757604333
USDJPY,2025-11-20 01:55:00+00:00,2025-11-20 06:10:00+00:00,long,157.433,157.52595,0.6411245536734398,0.0005904098886510571,0.05959252726394743,51,trailing_stop,0.8264085650444031,505.51514010330726
USDJPY,2025-11-20 02:00:00+00:00,2025-11-20 06:25:00+00:00,long,157.447,157.56075,0.6410675423816843,0.000722465337542222,0.07292143294592314,53,trailing_stop,0.7342674136161804,505.5880615362532
USDJPY,2025-11-20 02:15:00+00:00,2025-11-20 06:25:00+00:00,long,157.449,157.56145,0.641587771340423,0.0007141995185742399,0.07214654488722767,50,trailing_stop,0.6733285784721375,505.6602080811404
USDJPY,2025-11-20 02:05:00+00:00,2025-11-20 07:05:00+00:00,long,157.471,157.66795,0.6409698323245456,0.0012507064792881663,0.1262390084763108,60,trailing_stop,0.7655360102653503,505.78644708961673
USDJPY,2025-11-20 05:00:00+00:00,2025-11-20 07:05:00+00:00,long,157.486,157.6732,0.6417183966124754,0.0011886770887572131,0.12012968384586724,25,trailing_stop,0.7688266038894653,505.9065767734626
USDJPY,2025-11-20 05:15:00+00:00,2025-11-20 07:05:00+00:00,long,157.54,157.6921,0.6416152702833963,0.000965469087216063,0.09758968261011648,22,trailing_stop,0.7868071794509888,506.0041664560727
USDJPY,2025-11-20 05:55:00+00:00,2025-11-20 07:05:00+00:00,long,157.569,157.70225,0.6415012487832189,0.0008456612658581566,0.0854800414003664,14,trailing_stop,0.7768871188163757,506.0896464974731
USDJPY,2025-11-20 06:15:00+00:00,2025-11-20 07:05:00+00:00,long,157.61,157.61,0.6415085342867568,0.0,0.0,10,trailing_stop,0.7469543218612671,506.0896464974731
USDJPY,2025-11-20 06:00:00+00:00,2025-11-20 07:10:00+00:00,long,157.591,157.6937,0.6414076185774099,0.0006516869618188772,0.06587256242789916,14,trailing_stop,0.748119056224823,506.155519059901
USDJPY,2025-11-20 06:35:00+00:00,2025-11-20 13:35:00+00:00,long,157.628,157.628,0.6416112066604159,0.0,0.0,84,trailing_stop,0.7341278195381165,506.155519059901
USDJPY,2025-11-20 06:40:00+00:00,2025-11-20 13:35:00+00:00,long,157.684,157.684,0.6413833357616667,0.0,0.0,83,trailing_stop,0.8043708205223083,506.155519059901
AUDUSD,2025-11-19 17:30:00+00:00,2025-11-20 17:00:00+00:00,short,0.64556,0.64556,155.81369832257857,0.0,0.0,282,trailing_stop,0.8828946352005005,506.155519059901
AUDUSD,2025-11-20 16:40:00+00:00,2025-11-20 17:00:00+00:00,short,0.64548,0.64548,156.81615982275335,0.0,0.0,4,trailing_stop,0.734431266784668,506.155519059901
AUDUSD,2025-11-20 16:35:00+00:00,2025-11-20 17:10:00+00:00,short,0.64599,0.6450864999999999,156.6899418196146,0.0016391770770445894,0.1659177258732607,7,trailing_stop,0.6700578331947327,506.32143678577427
USDJPY,2025-11-21 06:10:00+00:00,2025-11-21 08:00:00+00:00,short,157.052,156.7725,0.6447490599589638,0.0018677992002648215,0.1891317208468524,22,trailing_stop,0.9014101028442383,506.5105685066211
USDJPY,2025-11-21 07:20:00+00:00,2025-11-21 08:00:00+00:00,short,157.017,156.76025,0.644892770941919,0.00178110395689632,0.18035303393558566,8,trailing_stop,0.8835342526435852,506.6909215405567
USDJPY,2025-11-21 07:30:00+00:00,2025-11-21 08:00:00+00:00,short,156.95,156.76085,0.6451680536013128,0.0015230965275564844,0.15422742321338753,6,trailing_stop,0.8002947568893433,506.8451489637701
AUDUSD,2025-11-20 17:30:00+00:00,2025-11-21 08:05:00+00:00,short,0.6443,0.6437474999999999,157.15483170456707,0.0008575197889183095,0.0868280445167838,175,trailing_stop,0.825000524520874,506.9319770082869
USDJPY,2025-11-21 06:05:00+00:00,2025-11-21 08:05:00+00:00,short,157.076,156.7809,0.6446423446847894,0.0019272250375614,0.19514664629685163,24,trailing_stop,0.6929857730865479,507.1271236545837
USDJPY,2025-11-21 07:40:00+00:00,2025-11-21 08:30:00+00:00,short,156.767,156.64155,0.645917024016143,0.0008002321917240283,0.08103029066282562,10,trailing_stop,0.885788083076477,507.2081539452466
AUDUSD,2025-11-20 17:40:00+00:00,2025-11-21 10:10:00+00:00,short,0.64382,0.6430985,157.27198757090582,0.0011206548414151947,0.11347173903239763,198,trailing_stop,0.6897044777870178,507.32162568427896
AUDUSD,2025-11-21 07:55:00+00:00,2025-11-21 10:30:00+00:00,short,0.64356,0.6427865,157.3355199607763,0.0012019081359935088,0.12169902468965774,31,trailing_stop,0.653035581111908,507.4433247089686
GBPUSD,2025-11-21 09:55:00+00:00,2025-11-21 12:00:00+00:00,short,1.30607,1.304913,77.66401573241357,0.0008858636979641785,0.0898572662024083,25,trailing_stop,0.7480370402336121,507.533181975171
GBPUSD,2025-11-21 10:00:00+00:00,2025-11-21 12:05:00+00:00,short,1.30563,1.3048695,77.6907818650767,0.0005824774246916537,0.059083839608403556,25,trailing_stop,0.726915180683136,507.59226581477935
EURUSD,2025-11-21 10:00:00+00:00,2025-11-21 12:10:00+00:00,short,1.15206,1.1509875,88.04627110338093,0.0009309410968179016,0.09442962575837885,26,trailing_stop,0.6700291633605957,507.68669544053773
EURUSD,2025-11-20 03:40:00+00:00,2025-11-21 12:30:00+00:00,short,1.15111,1.150369,87.77259544659107,0.0006437264900835738,0.065039493225933,394,trailing_stop,0.8416730761528015,507.75173493376366
AUDUSD,2025-11-21 10:00:00+00:00,2025-11-21 12:30:00+00:00,short,0.64298,0.6424795,157.75076710838863,0.0007784067933684015,0.07895425893775085,30,trailing_stop,0.8468149900436401,507.8306891927014
EURUSD,2025-11-21 10:05:00+00:00,2025-11-21 12:30:00+00:00,short,1.15154,1.1505195,88.0867922204994,0.0008862045608490289,0.08989257146102764,29,trailing_stop,0.8299345970153809,507.9205817641624
GBPUSD,2025-11-21 10:05:00+00:00,2025-11-21 12:30:00+00:00,short,1.30538,1.3046065,77.70446945878092,0.0005925477638695112,0.06010440712636569,29,trailing_stop,0.7323747277259827,507.98068617128877
EURUSD,2025-11-21 10:15:00+00:00,2025-11-21 12:30:00+00:00,short,1.15117,1.15039,88.13405006458699,0.0006775715141986004,0.0687445590503781,27,trailing_stop,0.8713535666465759,508.04943073033917
EURUSD,2025-11-21 11:45:00+00:00,2025-11-21 12:30:00+00:00,short,1.15094,1.1503095,88.17280754617097,0.0005478130919074654,0.055592955157858885,9,trailing_stop,0.7803404927253723,508.10502368549703
USDJPY,2025-11-21 10:05:00+00:00,2025-11-21 15:10:00+00:00,short,156.555,156.555,0.6479326451440918,0.0008,0.08114967620842664,61,trailing_stop,0.8354876041412354,508.18617336170547
USDJPY,2025-11-21 07:50:00+00:00,2025-11-21 15:25:00+00:00,short,156.659,156.4341,0.6463664163937195,0.0016613613006593595,0.16822797736882397,91,trailing_stop,0.7731986045837402,508.3544013390743
EURUSD,2025-11-20 12:50:00+00:00,2025-11-21 16:15:00+00:00,short,1.15075,1.149853,87.96279570746601,0.0007794916358895727,0.07890262774959048,329,trailing_stop,0.8110478520393372,508.43330396682387
EURUSD,2025-11-21 11:50:00+00:00,2025-11-21 16:20:00+00:00,short,1.15055,1.1498869999999999,88.20269325655833,0.0005762461431489985,0.058478385629105255,54,trailing_stop,0.7383059859275818,508.49178235245296
AUDUSD,2025-11-21 17:00:00+00:00,2025-11-23 23:25:00+00:00,long,0.64576,0.646228,157.503378510571,0.0007247274529237239,0.073711581142951,77,trailing_stop,0.6888521909713745,508.5654939335959
AUDUSD,2025-11-21 17:05:00+00:00,2025-11-24 06:15:00+00:00,long,0.64592,0.6462905,157.4619212685266,0.0005736004458755578,0.05833964182997971,158,trailing_stop,0.6993779540061951,508.6238335754259
EURUSD,2025-11-24 08:25:00+00:00,2025-11-24 12:05:00+00:00,long,1.15344,1.1542135,88.19862550728757,0.0006706027188236774,0.0682216368298854,44,trailing_stop,0.6741172671318054,508.6920552122558
USDJPY,2025-11-24 13:05:00+00:00,2025-11-24 14:40:00+00:00,long,156.985,157.08120000000002,0.6481061743839974,0.0006127974010256411,0.06234781397574721,19,trailing_stop,0.830235481262207,508.75440302623156
USDJPY,2025-11-24 13:10:00+00:00,2025-11-24 14:40:00+00:00,long,156.978,157.07875,0.64813507617618,0.000641809680337404,0.06529960892475338,18,trailing_stop,0.6897343397140503,508.8197026351563
USDJPY,2025-11-24 14:10:00+00:00,2025-11-24 15:15:00+00:00,long,157.011,157.1215,0.6480029747358406,0.0007037723471604016,0.07160432870831156,13,trailing_stop,0.8868283033370972,508.8913069638646
GBPUSD,2025-11-24 06:00:00+00:00,2025-11-25 07:50:00+00:00,long,1.311,1.3121765,77.5902805604693,0.0008974065598780594,0.09128496507940266,310,trailing_stop,0.7618894577026367,508.98259192894403
GBPUSD,2025-11-24 12:40:00+00:00,2025-11-25 07:50:00+00:00,long,1.31127,1.312271,77.5930162467786,0.0007633820647159088,0.07767060926302768,230,trailing_stop,0.7437896132469177,509.06026253820704
USDJPY,2025-11-25 07:30:00+00:00,2025-11-25 09:10:00+00:00,short,156.521,156.4092,0.6502156864037112,0.0007142811507720251,0.07269411373992718,20,trailing_stop,0.8697047829627991,509.132956651947
GBPUSD,2025-11-24 13:25:00+00:00,2025-11-25 09:45:00+00:00,long,1.31176,1.3130535,77.564029856939,0.0009860797706898049,0.10032907261995513,244,trailing_stop,0.7619816064834595,509.23328572456694
USDJPY,2025-11-25 09:00:00+00:00,2025-11-25 09:45:00+00:00,short,156.337,156.21805,0.6511970405871682,0.000760856355181332,0.07745988797783317,9,trailing_stop,0.9110904335975647,509.3107456125448
GBPUSD,2025-11-25 07:30:00+00:00,2025-11-25 09:50:00+00:00,long,1.312,1.313118,77.58080752555296,0.0008521341463414271,0.08673534281356451,28,trailing_stop,0.7315151691436768,509.39748095535833
USDJPY,2025-11-25 08:40:00+00:00,2025-11-25 09:50:00+00:00,short,156.505,156.2762,0.650506366972765,0.0016771604741062846,0.1707475132284819,14,trailing_stop,0.6933636665344238,509.5682284685868
USDJPY,2025-11-25 08:45:00+00:00,2025-11-25 09:50:00+00:00,short,156.473,156.265,0.650631079022772,0.0015975816914101226,0.1626437161243966,13,trailing_stop,0.8085227012634277,509.73087218471125
EURUSD,2025-11-25 10:10:00+00:00,2025-11-25 12:45:00+00:00,long,1.15411,1.15411,88.33927578740783,0.0,0.0,31,trailing_stop,0.8348737955093384,509.73087218471125
EURUSD,2025-11-20 14:25:00+00:00,2025-11-25 13:25:00+00:00,long,1.15447,1.155237,87.69305065228104,0.0006643741283878854,0.06726056985029624,852,trailing_stop,0.6630055904388428,509.79813275456155
EURUSD,2025-11-24 11:45:00+00:00,2025-11-25 13:25:00+00:00,long,1.15463,1.1552930000000001,88.10771877795261,0.0005742099200610414,0.05841541754978965,308,trailing_stop,0.7284103631973267,509.85654817211133
EURUSD,2025-11-24 12:40:00+00:00,2025-11-25 13:25:00+00:00,long,1.15492,1.1553945,88.09740833574448,0.0004108509680325524,0.041802220255324436,297,trailing_stop,0.9097856879234314,509.89835039236664
USDJPY,2025-11-25 09:15:00+00:00,2025-11-25 13:25:00+00:00,short,156.292,156.17565,0.6514817103671746,0.0007444398945564154,0.07579989700122812,50,trailing_stop,0.9248045682907104,509.97415028936786
USDJPY,2025-11-25 09:30:00+00:00,2025-11-25 13:25:00+00:00,short,156.257,156.1634,0.651631798305364,0.0005990131642103025,0.06099273632138809,47,trailing_stop,0.7564892768859863,510.03514302568925
GBPUSD,2025-11-25 09:30:00+00:00,2025-11-25 13:30:00+00:00,long,1.31294,1.3145975,77.5620725529306,0.0015574603561473136,0.15860295918400943,48,trailing_stop,0.9026293158531189,510.19374598487326
GBPUSD,2025-11-25 09:35:00+00:00,2025-11-25 13:30:00+00:00,long,1.31343,1.314769,77.53254399499703,0.0010194681102152219,0.10381607640929938,47,trailing_stop,0.8682458996772766,510.2975620612826
AUDUSD,2025-11-25 11:15:00+00:00,2025-11-25 14:50:00+00:00,short,0.64454,0.64454,158.15171101432222,0.0,0.0,43,trailing_stop,0.7917724847793579,510.2975620612826
USDJPY,2025-11-25 09:35:00+00:00,2025-11-25 14:55:00+00:00,short,156.172,155.99325,0.6519739235660281,0.0011445713700279688,0.11654033883743271,64,trailing_stop,0.8561265468597412,510.41410240012
USDJPY,2025-11-25 09:40:00+00:00,2025-11-25 14:55:00+00:00,short,156.156,155.98765,0.6520490723238993,0.0010780885780886022,0.10977246132573092,63,trailing_stop,0.6833631992340088,510.52387486144573
USDJPY,2025-11-25 13:10:00+00:00,2025-11-25 14:55:00+00:00,short,156.149,155.9852,0.6528399085345755,0.0010489980723540275,0.10693517701796937,21,trailing_stop,0.6905376315116882,510.6308100384637
GBPUSD,2025-11-25 14:00:00+00:00,2025-11-25 15:05:00+00:00,long,1.31681,1.317798,77.51100273580099,0.0007502980688178164,0.07658087070297051,13,trailing_stop,0.7563294768333435,510.7073909091667
EURUSD,2025-11-25 14:00:00+00:00,2025-11-25 15:40:00+00:00,long,1.15654,1.1577035,88.25165800136323,0.0010060179500925995,0.1026808040845945,20,trailing_stop,0.7523719072341919,510.81007171325126
EURUSD,2025-11-25 14:45:00+00:00,2025-11-25 15:40:00+00:00,long,1.15717,1.15717,88.20360768156023,0.0,0.0,11,trailing_stop,0.7252238392829895,510.81007171325126
GBPUSD,2025-11-25 14:35:00+00:00,2025-11-25 15:45:00+00:00,long,1.31791,1.3185795,77.44571520560966,0.0005080013050967825,0.05184990633016345,14,trailing_stop,0.7667942643165588,510.86192161958144
GBPUSD,2025-11-25 15:00:00+00:00,2025-11-25 17:30:00+00:00,long,1.31837,1.319449,77.46924933071332,0.0008184348855025919,0.08358932002784372,30,trailing_stop,0.7558828592300415,510.9455109396093
GBPUSD,2025-11-25 15:15:00+00:00,2025-11-25 17:30:00+00:00,long,1.31848,1.3194875000000001,77.47440300808816,0.0007641374916570975,0.0780554610306527,27,trailing_stop,0.6741554737091064,511.02356640063994
AUDUSD,2025-11-24 06:00:00+00:00,2025-11-25 17:45:00+00:00,long,0.64664,0.647147,157.30937979324938,0.0007840529506371941,0.07975585555518297,429,trailing_stop,0.6647776365280151,511.1033222561951
GBPUSD,2025-11-25 15:30:00+00:00,2025-11-25 18:10:00+00:00,long,1.31883,1.3201105,77.45384092530244,0.0009709363602587276,0.09917964330485116,32,trailing_stop,0.7934200763702393,511.20250189949996
AUDUSD,2025-11-25 17:30:00+00:00,2025-11-26 00:45:00+00:00,long,0.64753,0.647829,157.85486868706636,0.001077052800642384,0.11009177393920272,87,trailing_stop,0.7401720285415649,511.31259367343915
AUDUSD,2025-11-25 17:40:00+00:00,2025-11-26 00:45:00+00:00,long,0.64754,0.6478324999999999,157.8499927103972,0.0010710257281402705,0.10947402114441941,85,trailing_stop,0.6854817867279053,511.4220676945836
AUDUSD,2025-11-25 18:20:00+00:00,2025-11-26 00:45:00+00:00,long,0.64758,0.6478465,157.8979481087551,0.0010469192995459533,0.10704912449159905,77,trailing_stop,0.6760005950927734,511.52911681907517
AUDUSD,2025-11-25 17:20:00+00:00,2025-11-26 00:50:00+00:00,long,0.64713,0.6476955,157.9024886778912,0.0013243150526169364,0.13532306440690714,90,trailing_stop,0.7874215245246887,511.6644398834821
AUDUSD,2025-11-26 01:30:00+00:00,2025-11-26 03:15:00+00:00,long,0.64911,0.649591,157.66807589161905,0.0007410146200182785,0.07583834450387897,21,trailing_stop,0.6588385701179504,511.740278227986
AUDUSD,2025-11-26 03:25:00+00:00,2025-11-26 06:30:00+00:00,long,0.65041,0.650891,157.37622727434447,0.0007395335250072318,0.0756979653189524,37,trailing_stop,0.6947370171546936,511.81597619330495
EURUSD,2025-11-25 15:30:00+00:00,2025-11-26 06:35:00+00:00,long,1.15804,1.1589955,88.20812306282889,0.0008251010327796182,0.08428286158654262,181,trailing_stop,0.7503529191017151,511.9002590548915
EURUSD,2025-11-25 17:55:00+00:00,2025-11-26 06:35:00+00:00,long,1.15832,1.1590935,88.25516684904599,0.0006677774708197929,0.06826537155773554,152,trailing_stop,0.6680570244789124,511.9685244264492
GBPUSD,2025-11-25 18:00:00+00:00,2025-11-26 13:30:00+00:00,long,1.32053,1.32053,77.41467889342034,0.0,0.0,234,trailing_stop,0.7730384469032288,511.9685244264492
USDJPY,2025-11-26 11:10:00+00:00,2025-11-26 14:35:00+00:00,long,156.552,156.66705000000002,0.6540889774458928,0.0007348995860801841,0.0752529368551663,41,trailing_stop,0.9036951661109924,512.0437773633043
USDJPY,2025-11-26 13:30:00+00:00,2025-11-26 14:35:00+00:00,long,156.573,156.67440000000002,0.6540054219698644,0.000647621237378171,0.06631614978775234,13,trailing_stop,0.7238988280296326,512.1100935130921
EURUSD,2025-11-26 02:15:00+00:00,2025-11-26 16:40:00+00:00,long,1.15866,1.1595374999999999,88.32613024279412,0.0007573403759514132,0.07750617928803988,173,trailing_stop,0.8357676267623901,512.1875996923802
EURUSD,2025-11-26 02:25:00+00:00,2025-11-26 16:40:00+00:00,long,1.15872,1.1595585,88.32155628728201,0.0007236433305716345,0.07405762494688281,171,trailing_stop,0.8696793913841248,512.2616573173271
AUDUSD,2025-11-26 16:00:00+00:00,2025-11-26 19:10:00+00:00,long,0.65138,0.6516595,157.25299192811278,0.00042908901102273346,0.04395221124390565,38,trailing_stop,0.7012935876846313,512.305609528571
AUDUSD,2025-11-26 18:00:00+00:00,2025-11-26 23:45:00+00:00,long,0.65176,0.6523255,157.20781258779417,0.0008676506689578933,0.08890101801839705,69,trailing_stop,0.664790153503418,512.3945105465895
EURUSD,2025-11-26 05:55:00+00:00,2025-11-27 00:15:00+00:00,long,1.15916,1.159966,88.30035255726233,0.0006953311018324342,0.07117008416116088,220,trailing_stop,0.7704101204872131,512.4656806307506
EURUSD,2025-11-26 06:10:00+00:00,2025-11-27 01:20:00+00:00,long,1.15934,1.1601135,88.28664215031631,0.0006671899529042235,0.06828971770326812,230,trailing_stop,0.7736369371414185,512.5339703484539
AUDUSD,2025-11-26 23:30:00+00:00,2025-11-27 02:10:00+00:00,long,0.65246,0.653084,157.05260868441786,0.0009563804677680744,0.09800082781907013,32,trailing_stop,0.7448409795761108,512.6319711762729
EURUSD,2025-11-26 06:15:00+00:00,2025-11-27 02:50:00+00:00,long,1.15942,1.1606225,88.28055000267148,0.0010371565092891233,0.10615736137821202,247,trailing_stop,0.8003243207931519,512.7381285376512
EURUSD,2025-11-26 06:25:00+00:00,2025-11-27 02:50:00+00:00,long,1.15963,1.160696,88.26532331128212,0.000919258729077388,0.09409083464982775,245,trailing_stop,0.7093396186828613,512.832219372301
GBPUSD,2025-11-26 15:15:00+00:00,2025-11-27 02:50:00+00:00,long,1.32344,1.3252145,77.39543185725609,0.0016044943480626303,0.1643454845681547,139,trailing_stop,0.6570161581039429,512.9965648568691
EURUSD,2025-11-26 16:00:00+00:00,2025-11-27 02:50:00+00:00,long,1.15972,1.1607275000000001,88.32225406386328,0.0008687441796296088,0.08898467096934667,130,trailing_stop,0.7485752701759338,513.0855495278385
GBPUSD,2025-11-27 00:45:00+00:00,2025-11-27 04:35:00+00:00,long,1.32498,1.326124,77.36031650123039,0.0008634092590077087,0.08850020207741019,46,trailing_stop,0.7029892206192017,513.1740497299159
GBPUSD,2025-11-27 00:50:00+00:00,2025-11-27 04:40:00+00:00,long,1.32509,1.325961,77.35389408686113,0.0006573138428331993,0.06737524174964399,46,trailing_stop,0.7852678298950195,513.2414249716655
AUDUSD,2025-11-27 01:00:00+00:00,2025-11-27 05:30:00+00:00,long,0.65296,0.6535905,156.98136946875496,0.0009656027934329489,0.0989767534500466,54,trailing_stop,0.6863213181495667,513.3404017251156
AUDUSD,2025-11-27 01:25:00+00:00,2025-11-27 05:30:00+00:00,long,0.65302,0.6536115,156.9902658238621,0.0009057915530917384,0.09285974223480926,49,trailing_stop,0.6952646374702454,513.4332614673505
AUDUSD,2025-11-27 01:50:00+00:00,2025-11-27 05:30:00+00:00,long,0.65308,0.6536325000000001,156.9782451296949,0.0008459913027501482,0.08673048043416692,44,trailing_stop,0.7528294324874878,513.5199919477847
AUDUSD,2025-11-27 01:55:00+00:00,2025-11-27 05:30:00+00:00,long,0.6532,0.6536679999999999,156.9445969772036,0.0007164727495405893,0.07345007138531762,43,trailing_stop,0.8434479832649231,513.59344201917
EURUSD,2025-11-28 08:40:00+00:00,2025-11-28 11:00:00+00:00,short,1.15717,1.156169,88.75948430688949,0.0008650414372996445,0.088848243791199,28,trailing_stop,0.6740785837173462,513.6822902629611
AUDUSD,2025-11-28 04:15:00+00:00,2025-11-28 15:20:00+00:00,long,0.65357,0.653843,157.18719532936586,0.00041770583105094745,0.042912104324911805,133,trailing_stop,0.6965129375457764,513.7252023672861
AUDUSD,2025-11-27 05:15:00+00:00,2025-11-28 15:45:00+00:00,long,0.65395,0.654522,156.9809677382023,0.0008746846089150805,0.08979311354625437,414,trailing_stop,0.8376048803329468,513.8149954808324
AUDUSD,2025-11-27 05:20:00+00:00,2025-11-28 15:45:00+00:00,long,0.65404,0.6545535,156.96176429244935,0.0007851201761361012,0.08059986596418146,413,trailing_stop,0.716522216796875,513.8955953467965
AUDUSD,2025-11-28 15:35:00+00:00,2025-11-28 16:05:00+00:00,long,0.65487,0.6554485,156.91056883545696,0.000883381434483237,0.09077276407131771,6,trailing_stop,0.7792996764183044,513.9863681108678
AUDUSD,2025-11-27 04:30:00+00:00,2025-11-28 16:15:00+00:00,long,0.65367,0.655113,157.00292213214152,0.002124521547569849,0.21803561007009906,429,trailing_stop,0.7751353979110718,514.2044037209379
AUDUSD,2025-11-27 04:35:00+00:00,2025-11-28 16:15:00+00:00,long,0.65366,0.6551095,157.03000297733044,0.002130508215280108,0.21868437898631304,428,trailing_stop,0.7937144041061401,514.4230880999241
AUDUSD,2025-11-27 05:00:00+00:00,2025-11-28 16:15:00+00:00,long,0.65373,0.655134,157.0362038281876,0.002088605387545281,0.21441472012774243,423,trailing_stop,0.7370638251304626,514.6375028200518
USDJPY,2025-11-28 13:50:00+00:00,2025-12-01 00:10:00+00:00,short,156.059,155.90105,0.6582758783140293,0.001012117212080044,0.10397467497970066,124,trailing_stop,0.728477418422699,514.7414774950315
USDJPY,2025-11-27 01:10:00+00:00,2025-12-01 00:50:00+00:00,short,155.877,155.7509,0.6574877546806649,0.0008089711759913784,0.08290920586523716,572,trailing_stop,0.7010475993156433,514.8243867008968
USDJPY,2025-11-28 12:30:00+00:00,2025-12-01 00:50:00+00:00,short,156.094,155.82684999999998,0.6581114231979927,0.001826881238228305,0.18767047561854616,148,trailing_stop,0.7492207288742065,515.0120571765153
USDJPY,2025-11-28 12:35:00+00:00,2025-12-01 00:50:00+00:00,short,156.087,155.8244,0.6581620160195791,0.0018094370447250263,0.18588443491960016,147,trailing_stop,0.7977467775344849,515.1979416114349
USDJPY,2025-11-27 00:50:00+00:00,2025-12-01 00:55:00+00:00,short,155.858,155.75205,0.657563682899313,0.0006797854457262835,0.06966887220318688,577,trailing_stop,0.8422738909721375,515.2676104836381
USDJPY,2025-11-26 02:15:00+00:00,2025-12-01 01:15:00+00:00,short,155.734,155.578,0.6570667384308434,0.0010017080406334257,0.10250241119521546,852,trailing_stop,0.9094010591506958,515.3701128948334
USDJPY,2025-11-26 02:25:00+00:00,2025-12-01 01:15:00+00:00,short,155.67,155.67,0.6573368618346613,0.0,0.0,850,trailing_stop,0.8743324875831604,515.3701128948334
USDJPY,2025-12-01 00:20:00+00:00,2025-12-01 01:15:00+00:00,short,155.767,155.58955,0.6608739183122323,0.0011392014996757544,0.11727207680450115,11,trailing_stop,0.7674911022186279,515.4873849716379
USDJPY,2025-11-27 01:25:00+00:00,2025-12-01 01:20:00+00:00,short,155.824,155.65630000000002,0.6578116798414346,0.0014457285142211588,0.14819128898533312,575,trailing_stop,0.7333210706710815,515.6355762606232
USDJPY,2025-12-01 01:05:00+00:00,2025-12-01 07:50:00+00:00,short,155.506,155.3812,0.6626639537065963,0.0008025413810399172,0.08270046142257881,81,trailing_stop,0.9112957119941711,515.7182767220459
USDJPY,2025-12-01 02:35:00+00:00,2025-12-01 07:50:00+00:00,short,155.482,155.37279999999998,0.6632395347104293,0.0007023321027515437,0.07242575719038917,63,trailing_stop,0.8143633604049683,515.7907024792363
EURUSD,2025-11-27 01:05:00+00:00,2025-12-01 08:30:00+00:00,long,1.16055,1.161564,88.32036685666164,0.0008737236655034857,0.08955685199266111,665,trailing_stop,0.6757655739784241,515.880259331229
EURUSD,2025-11-28 15:55:00+00:00,2025-12-01 08:30:00+00:00,long,1.16082,1.1616585,88.54620248234686,0.0007223342120225051,0.07424599078144468,199,trailing_stop,0.8759336471557617,515.9545053220105
EURUSD,2025-11-27 01:45:00+00:00,2025-12-01 10:15:00+00:00,long,1.16126,1.162066,88.27812575973643,0.0006940736785905693,0.07115216936235502,678,trailing_stop,0.7761597633361816,516.0256574913728
EURUSD,2025-11-27 02:35:00+00:00,2025-12-01 10:40:00+00:00,long,1.16141,1.162203,88.28436110224106,0.0006827907457315191,0.07000949835408102,673,trailing_stop,0.7281515002250671,516.095666989727
EURUSD,2025-12-01 01:05:00+00:00,2025-12-01 10:40:00+00:00,long,1.16134,1.1621785,88.74285009104561,0.000722010780649908,0.07441087980133856,115,trailing_stop,0.880950391292572,516.1700778695283
USDJPY,2025-12-01 07:35:00+00:00,2025-12-01 10:40:00+00:00,short,155.368,155.24125,0.663721884526826,0.0008158050563821833,0.0841267488637666,37,trailing_stop,0.8097050189971924,516.2542046183921
EURUSD,2025-12-01 01:20:00+00:00,2025-12-01 11:10:00+00:00,long,1.16157,1.1623565,88.78863808739177,0.0006771008204413193,0.0698322638557357,118,trailing_stop,0.8146169781684875,516.3240368822478
EURUSD,2025-12-01 08:10:00+00:00,2025-12-01 11:45:00+00:00,long,1.16163,1.1626245,88.81076190938596,0.000856124583559317,0.08832230271888517,43,trailing_stop,0.7031018733978271,516.4123591849667
EURUSD,2025-12-01 12:20:00+00:00,2025-12-01 13:05:00+00:00,long,1.1635,1.1645205,88.77488081431758,0.0008770949720671172,0.09059476587101915,9,trailing_stop,0.8225247859954834,516.5029539508378
USDJPY,2025-12-01 12:35:00+00:00,2025-12-01 13:05:00+00:00,short,154.946,154.79065,0.6665363387650098,0.0010026073599834688,0.1035464202271433,6,trailing_stop,0.7706078290939331,516.606500371065
EURUSD,2025-12-01 10:50:00+00:00,2025-12-01 13:10:00+00:00,long,1.1629,1.1643885,88.79348559852636,0.001279989680969992,0.1321691033134068,28,trailing_stop,0.8775919079780579,516.7386694743784
EURUSD,2025-12-01 11:20:00+00:00,2025-12-01 13:10:00+00:00,long,1.16321,1.164497,88.78106451196723,0.0011064210245783788,0.11426123002688551,22,trailing_stop,0.8140652775764465,516.8529307044053
USDJPY,2025-12-01 11:55:00+00:00,2025-12-01 13:10:00+00:00,short,155.101,154.8449,0.665870270822411,0.0017907092797596544,0.18493934171443455,15,trailing_stop,0.829303503036499,517.0378700461197
USDJPY,2025-12-01 12:05:00+00:00,2025-12-01 13:10:00+00:00,short,155.065,154.8336,0.6660291466995547,0.0016953664592268061,0.17509373443414247,13,trailing_stop,0.8247724771499634,517.2129637805539
EURUSD,2025-12-01 12:15:00+00:00,2025-12-01 13:10:00+00:00,long,1.16332,1.1645355,88.78861785787399,0.0010448543822852148,0.10792256500624903,11,trailing_stop,0.7899268865585327,517.3208863455601
USDJPY,2025-12-01 12:25:00+00:00,2025-12-01 13:10:00+00:00,short,155.002,154.81025,0.6662955411714944,0.001237080811860577,0.12776217001964282,9,trailing_stop,0.7393937706947327,517.4486485155797
AUDUSD,2025-12-01 12:45:00+00:00,2025-12-01 13:10:00+00:00,long,0.65584,0.656295,157.4956110844999,0.0006937667723834825,0.0716605030434448,5,trailing_stop,0.7352117896080017,517.5203090186232
EURUSD,2025-12-01 09:40:00+00:00,2025-12-01 13:15:00+00:00,long,1.16222,1.1641504999999999,88.79386396165874,0.0017966271446024857,0.18540833628559575,43,trailing_stop,0.6556333899497986,517.7057173549088
EURUSD,2025-12-01 09:50:00+00:00,2025-12-01 13:15:00+00:00,long,1.1624,1.1642135,88.78011310517077,0.0017360805230557013,0.17916004384849205,41,trailing_stop,0.6759918332099915,517.8848773987572
EURUSD,2025-12-01 10:00:00+00:00,2025-12-01 13:15:00+00:00,long,1.16247,1.1642379999999999,88.77553043273464,0.0017125396784433105,0.1767321953727573,39,trailing_stop,0.7508535981178284,518.06160959413
EURUSD,2025-12-01 10:25:00+00:00,2025-12-01 13:15:00+00:00,long,1.1626,1.1642835,88.77708039283158,0.0016688284878719846,0.17224351583656128,34,trailing_stop,0.7377917170524597,518.2338531099666
USDJPY,2025-12-01 11:40:00+00:00,2025-12-01 13:15:00+00:00,short,155.136,154.85715,0.6656061940935489,0.00187847308168319,0.19397015835531134,19,trailing_stop,0.6522325277328491,518.427823268322
USDJPY,2025-12-01 10:25:00+00:00,2025-12-01 13:30:00+00:00,short,155.168,154.86835,0.665084365483545,0.001958679624664933,0.2021353667289727,37,trailing_stop,0.736859142780304,518.6299586350509
USDJPY,2025-12-01 10:00:00+00:00,2025-12-01 13:50:00+00:00,short,155.239,154.87045,0.6646885354589916,0.002224448753212784,0.22953104269094116,46,trailing_stop,0.7615055441856384,518.8594896777419
USDJPY,2025-12-02 01:10:00+00:00,2025-12-02 08:35:00+00:00,long,155.767,155.89245,0.6662379969924394,0.0008053695583788654,0.083579556722702,89,trailing_stop,0.6859583258628845,518.9430692344646
USDJPY,2025-12-02 06:20:00+00:00,2025-12-02 08:35:00+00:00,long,155.778,155.8963,0.6661866722446451,0.0007594140379257981,0.07880988332654483,27,trailing_stop,0.7402027249336243,519.0218791177912
USDJPY,2025-12-02 06:25:00+00:00,2025-12-02 09:05:00+00:00,long,155.791,155.9262,0.666126803365868,0.0008678293354558193,0.09006034381506373,32,trailing_stop,0.6915793418884277,519.1119394616062
USDJPY,2025-12-02 07:20:00+00:00,2025-12-02 09:05:00+00:00,long,155.833,155.9383,0.6659472612757074,0.0006757233705312721,0.07012424661233181,21,trailing_stop,0.7744874954223633,519.1820637082185
USDJPY,2025-12-02 08:20:00+00:00,2025-12-02 09:30:00+00:00,long,155.89,156.0135,0.6657080223216816,0.0007922252870614348,0.08221494075673237,14,trailing_stop,0.8126646876335144,519.2642786489753
USDJPY,2025-12-02 08:15:00+00:00,2025-12-02 09:40:00+00:00,long,155.877,156.00895,0.6657678159439293,0.0008465007666300296,0.08784806331379423,17,trailing_stop,0.9237260222434998,519.3521267122891
GBPUSD,2025-11-28 08:05:00+00:00,2025-12-02 10:15:00+00:00,short,1.32105,1.319737,77.75004042253963,0.000993906362363362,0.10208580307480382,602,trailing_stop,0.7291804552078247,519.4542125153639
GBPUSD,2025-11-28 08:15:00+00:00,2025-12-02 10:30:00+00:00,short,1.32072,1.3190689999999998,77.76887721554337,0.001250075716276023,0.12839641628286746,603,trailing_stop,0.7748820185661316,519.5826089316467
AUDUSD,2025-12-01 12:50:00+00:00,2025-12-02 14:15:00+00:00,long,0.65602,0.6564555,157.45239319012342,0.0006638517118379349,0.06857051723428648,305,trailing_stop,0.7297280430793762,519.6511794488811
AUDUSD,2025-12-02 13:50:00+00:00,2025-12-02 14:15:00+00:00,long,0.656,0.6564485,158.42623723008452,0.0006836890243901872,0.07105416739768702,5,trailing_stop,0.658054530620575,519.7222336162788
USDJPY,2025-12-02 08:25:00+00:00,2025-12-02 15:20:00+00:00,long,155.96,156.09910000000002,0.6654092152428207,0.0008918953577841326,0.09255842184028523,83,trailing_stop,0.9286115765571594,519.8147920381191
USDJPY,2025-12-02 08:55:00+00:00,2025-12-02 15:20:00+00:00,long,156.006,156.11195,0.6654254621791331,0.0006791405458764861,0.07050182771788387,77,trailing_stop,0.709638237953186,519.885293865837
AUDUSD,2025-12-02 13:55:00+00:00,2025-12-02 15:55:00+00:00,long,0.65636,0.65636,158.3393344197372,0.0,0.0,24,trailing_stop,0.8422192335128784,519.885293865837
AUDUSD,2025-12-01 12:55:00+00:00,2025-12-03 00:20:00+00:00,long,0.65641,0.657164,157.358835738544,0.0011486723237000066,0.11864856214684981,425,trailing_stop,0.7953954339027405,520.0039424279838
AUDUSD,2025-12-02 14:00:00+00:00,2025-12-03 00:20:00+00:00,long,0.65669,0.657223,158.2573470391687,0.0008116462866801774,0.08435116597187782,124,trailing_stop,0.8322920203208923,520.0882935939557
AUDUSD,2025-12-02 15:45:00+00:00,2025-12-03 02:15:00+00:00,long,0.65708,0.6575154999999999,158.2555459090551,0.0006627807877274031,0.06892029024338114,126,trailing_stop,0.8437196016311646,520.157213884199
AUDUSD,2025-12-02 23:35:00+00:00,2025-12-03 04:00:00+00:00,long,0.65728,0.657696,158.20738683114845,0.0006329113924050206,0.06581427292175332,53,trailing_stop,0.7383465766906738,520.2230281571208
AUDUSD,2025-12-02 23:40:00+00:00,2025-12-03 05:30:00+00:00,long,0.65734,0.658003,158.1929448228569,0.0010086104603401118,0.10488192241754923,70,trailing_stop,0.7508417963981628,520.3279100795384
AUDUSD,2025-12-02 23:45:00+00:00,2025-12-03 05:30:00+00:00,long,0.6574,0.6580239999999999,158.17850545101072,0.0009491937937328232,0.09870338740142404,69,trailing_stop,0.7403855323791504,520.4266134669398
AUDUSD,2025-12-02 23:50:00+00:00,2025-12-03 05:30:00+00:00,long,0.65743,0.6580215,158.17369291281395,0.0008997155590710466,0.0935597393579418,68,trailing_stop,0.6748027801513672,520.5201732062977
EURUSD,2025-12-03 01:00:00+00:00,2025-12-03 06:40:00+00:00,long,1.16334,1.1642305,89.4190969506311,0.0007654683927311922,0.07962770583452852,68,trailing_stop,0.7273727655410767,520.5998009121323
EURUSD,2025-12-03 01:10:00+00:00,2025-12-03 06:40:00+00:00,long,1.16354,1.1642485,89.40295729051127,0.0006089176134898678,0.06334199524032731,66,trailing_stop,0.7877227663993835,520.6631429073726
EURUSD,2025-12-02 23:40:00+00:00,2025-12-03 06:45:00+00:00,long,1.16291,1.16408,89.41801721089024,0.0010060967744708474,0.10461908013673205,85,trailing_stop,0.6526630520820618,520.7677619875094
EURUSD,2025-12-03 00:10:00+00:00,2025-12-03 06:45:00+00:00,long,1.16305,1.164129,89.40571529447402,0.000927733115515285,0.09646876680274213,79,trailing_stop,0.731063961982727,520.8642307543122
EURUSD,2025-12-03 00:20:00+00:00,2025-12-03 06:45:00+00:00,long,1.16312,1.1641534999999998,89.4360114173125,0.0008885583602722931,0.09243211779978439,77,trailing_stop,0.7144755125045776,520.956662872112
AUDUSD,2025-12-03 03:15:00+00:00,2025-12-03 07:20:00+00:00,long,0.65784,0.658321,158.15537531825197,0.0007311808342455076,0.07607273552808944,49,trailing_stop,0.7466385364532471,521.0327356076401
EURUSD,2025-12-03 01:20:00+00:00,2025-12-03 07:25:00+00:00,long,1.16357,1.1646295,89.40142048388137,0.0009105597428603273,0.09472080500267151,73,trailing_stop,0.8152039051055908,521.1274564126428
GBPUSD,2025-12-03 01:00:00+00:00,2025-12-03 07:30:00+00:00,long,1.32254,1.324269,78.65586243518884,0.0015843997156985206,0.16481801113428646,78,trailing_stop,0.7641865015029907,521.292274423777
GBPUSD,2025-11-27 04:25:00+00:00,2025-12-03 09:55:00+00:00,long,1.32649,1.327738,77.36513111095273,0.0009408288038357907,0.09655168362647967,1218,trailing_stop,0.8368873596191406,521.3888261074035
EURUSD,2025-12-03 07:05:00+00:00,2025-12-03 10:55:00+00:00,long,1.16499,1.165848,89.44229768600086,0.0007364870084721975,0.07674149141459101,46,trailing_stop,0.8065464496612549,521.4655675988181
AUDUSD,2025-12-03 03:25:00+00:00,2025-12-03 11:20:00+00:00,long,0.65796,0.658558,158.12893154910367,0.0009088698401118418,0.09456110106636201,95,trailing_stop,0.6790387034416199,521.5601286998844
AUDUSD,2025-12-03 04:55:00+00:00,2025-12-03 11:20:00+00:00,long,0.65809,0.6586035,158.11529205571804,0.0007802884103998779,0.08119220247062,77,trailing_stop,0.7568318247795105,521.6413209023551
EURUSD,2025-12-03 07:15:00+00:00,2025-12-03 12:15:00+00:00,long,1.16529,1.166226,89.41850187899384,0.0008032335298509796,0.08369571775874252,60,trailing_stop,0.6676083207130432,521.7250166201138
EURUSD,2025-12-03 10:05:00+00:00,2025-12-03 12:15:00+00:00,long,1.16531,1.166233,89.49037556338668,0.0007920639143232334,0.08259961664500655,26,trailing_stop,0.7985712885856628,521.8076162367588
EURUSD,2025-12-03 10:10:00+00:00,2025-12-03 12:55:00+00:00,long,1.16557,1.166415,89.47194737059466,0.0007249671834381329,0.07560379552815111,33,trailing_stop,0.8474540114402771,521.883220032287
USDJPY,2025-12-03 01:20:00+00:00,2025-12-03 13:00:00+00:00,short,155.603,155.4509,0.6684509910596435,0.0009774875805737585,0.10167139574018418,140,trailing_stop,0.8932039737701416,521.9848914280271
AUDUSD,2025-12-03 05:15:00+00:00,2025-12-03 13:00:00+00:00,long,0.65846,0.658876,158.02883645168387,0.0006317771770494365,0.06573999596389606,93,trailing_stop,0.6945070624351501,522.050631423991
AUDUSD,2025-12-03 06:10:00+00:00,2025-12-03 13:00:00+00:00,long,0.65847,0.6588795000000001,158.11669902985957,0.0006218962139506167,0.06474878825273739,82,trailing_stop,0.8180082440376282,522.1153802122437
AUDUSD,2025-12-03 06:15:00+00:00,2025-12-03 13:00:00+00:00,long,0.6585,0.65889,158.10949476976984,0.0005922551252847402,0.06166270296021046,81,trailing_stop,0.7614469528198242,522.177042915204
AUDUSD,2025-12-03 06:20:00+00:00,2025-12-03 13:00:00+00:00,long,0.65852,0.6588970000000001,158.10229116614454,0.000572495899896847,0.059604563769647824,80,trailing_stop,0.7072399258613586,522.2366474789736
USDJPY,2025-12-03 06:25:00+00:00,2025-12-03 13:15:00+00:00,short,155.514,155.39765,0.669376010398778,0.0007481641524236485,0.07788189880990538,82,trailing_stop,0.88919597864151,522.3145293777835
AUDUSD,2025-12-03 10:05:00+00:00,2025-12-03 13:25:00+00:00,long,0.65878,0.6591440000000001,158.30362706685798,0.0005525365068763941,0.0576225202523412,40,trailing_stop,0.7340432405471802,522.3721518980359
EURUSD,2025-12-03 10:30:00+00:00,2025-12-03 13:25:00+00:00,long,1.16612,1.1669715,89.42897775503472,0.0007301992933831895,0.07614877455841251,35,trailing_stop,0.696342945098877,522.4483006725943
EURUSD,2025-12-03 10:15:00+00:00,2025-12-03 13:30:00+00:00,long,1.16594,1.166915,89.44278491541067,0.0008362351407447623,0.08720671529252076,39,trailing_stop,0.9191145896911621,522.5355073878868
GBPUSD,2025-12-03 13:00:00+00:00,2025-12-03 15:35:00+00:00,long,1.33042,1.3318435,78.51293635801515,0.0010699628688684941,0.11176316490563629,31,trailing_stop,0.6942325830459595,522.6472705527924
AUDUSD,2025-12-03 10:30:00+00:00,2025-12-03 15:40:00+00:00,long,0.65892,0.659349,158.26998940819095,0.0006510653797122758,0.06789782545611593,62,trailing_stop,0.6984238624572754,522.7151683782486
GBPUSD,2025-12-03 13:05:00+00:00,2025-12-03 15:40:00+00:00,long,1.33121,1.3317949999999998,78.46692922830344,0.0004394498238443489,0.04590315359854462,31,trailing_stop,0.8350039720535278,522.7610715318472
AUDUSD,2025-12-03 11:35:00+00:00,2025-12-03 15:55:00+00:00,long,0.65904,0.6595274999999999,158.31780051059368,0.0007397123088127793,0.07717992774891032,52,trailing_stop,0.7951942086219788,522.8382514595961
GBPUSD,2025-12-03 15:55:00+00:00,2025-12-03 16:25:00+00:00,long,1.33321,1.3341395,78.43828784499462,0.0006971894900278482,0.07290838855192466,6,trailing_stop,0.7231298685073853,522.911159848148
USDJPY,2025-12-03 15:55:00+00:00,2025-12-03 16:30:00+00:00,short,155.211,155.0875,0.6736738196876642,0.0007956910270535402,0.08319871673143127,7,trailing_stop,0.8521791100502014,522.9943585648795
GBPUSD,2025-12-03 16:00:00+00:00,2025-12-03 18:55:00+00:00,long,1.33375,1.334725,78.40711602888256,0.0007310215557637849,0.07644693812815642,35,trailing_stop,0.6548259854316711,523.0708055030076
EURUSD,2025-12-03 11:30:00+00:00,2025-12-03 19:30:00+00:00,long,1.16639,1.1672415,89.45080610850455,0.0007300302643198287,0.07616736140139208,96,trailing_stop,0.7749103903770447,523.146972864409
AUDUSD,2025-12-03 15:45:00+00:00,2025-12-04 00:15:00+00:00,long,0.65984,0.6604445,158.46526767463308,0.0009161311833171796,0.09579225430931694,102,trailing_stop,0.7863225340843201,523.2427651187184
AUDUSD,2025-12-03 16:15:00+00:00,2025-12-04 00:15:00+00:00,long,0.65988,0.6604585,158.47905533618146,0.0008766745468872011,0.09168013351196928,96,trailing_stop,0.6645793914794922,523.3344452522304
AUDUSD,2025-12-03 16:20:00+00:00,2025-12-04 00:15:00+00:00,long,0.66001,0.660504,158.45023834275727,0.0007484735079771435,0.07827441774132121,95,trailing_stop,0.7042538523674011,523.4127196699717
AUDUSD,2025-12-03 18:40:00+00:00,2025-12-04 00:50:00+00:00,long,0.66011,0.6606885,158.47353450241792,0.000876369090000208,0.09167693970965468,74,trailing_stop,0.7569087743759155,523.5043966096813
AUDUSD,2025-12-03 18:45:00+00:00,2025-12-04 00:50:00+00:00,long,0.66012,0.6606920000000001,158.46873271062617,0.0008665091195540461,0.09064411511048086,73,trailing_stop,0.6508535742759705,523.5950407247918
AUDUSD,2025-12-04 00:00:00+00:00,2025-12-04 05:55:00+00:00,long,0.66077,0.661108,158.3614266276401,0.0005115244336154191,0.05352616220015193,71,trailing_stop,0.782909095287323,523.648566886992
AUDUSD,2025-12-04 00:05:00+00:00,2025-12-04 08:10:00+00:00,long,0.66087,0.6615265,158.3374615207049,0.0009933875043504166,0.10394854348835222,97,trailing_stop,0.7167086005210876,523.7525154304803
AUDUSD,2025-12-04 00:30:00+00:00,2025-12-04 08:10:00+00:00,long,0.66104,0.661586,158.37475254015908,0.000825971196901922,0.08647261488693421,92,trailing_stop,0.7597473859786987,523.8389880453673
AUDUSD,2025-12-04 04:00:00+00:00,2025-12-04 08:10:00+00:00,long,0.66113,0.6616175,158.41074659631252,0.000737373890157721,0.07722523896569825,50,trailing_stop,0.6552832722663879,523.916213284333
USDJPY,2025-12-03 16:05:00+00:00,2025-12-04 08:15:00+00:00,short,155.13,154.97335,0.6740255531614825,0.0010097982337393468,0.10558610290273603,194,trailing_stop,0.7903832793235779,524.0217993872358
EURUSD,2025-12-03 12:20:00+00:00,2025-12-04 08:55:00+00:00,long,1.16676,1.1676440000000001,89.45171190673688,0.0007576536734205037,0.07907531332556496,247,trailing_stop,0.6599923372268677,524.1008747005613
EURUSD,2025-12-03 12:30:00+00:00,2025-12-04 09:00:00+00:00,long,1.16691,1.1676965,89.43944606574317,0.0006740022795245764,0.07034412433070909,246,trailing_stop,0.653298020362854,524.1712188248921
USDJPY,2025-12-04 10:05:00+00:00,2025-12-04 11:15:00+00:00,short,154.757,154.6231,0.677372573853291,0.0008652274210537244,0.09070018763896327,14,trailing_stop,0.6657934784889221,524.261919012531
USDJPY,2025-12-04 08:20:00+00:00,2025-12-04 11:20:00+00:00,short,154.801,154.6385,0.6769870155509796,0.001049734820834454,0.11001039002703034,36,trailing_stop,0.7438973188400269,524.3719294025581
GBPUSD,2025-12-03 18:00:00+00:00,2025-12-04 11:45:00+00:00,long,1.33481,1.3357655,78.3670642848935,0.0007158322158208936,0.0748797299242069,213,trailing_stop,0.6856389045715332,524.4468091324823
USDJPY,2025-12-01 12:50:00+00:00,2025-12-04 11:50:00+00:00,short,154.814,154.64305,0.6671132401304312,0.0011042282997662022,0.11404300840030042,852,trailing_stop,0.6808620095252991,524.5608521408825
GBPUSD,2025-12-04 08:20:00+00:00,2025-12-04 14:45:00+00:00,long,1.3355,1.3367025,78.48103569499042,0.0009004118307749872,0.09437344542322562,77,trailing_stop,0.7940590977668762,524.6552255863057
AUDUSD,2025-12-04 04:10:00+00:00,2025-12-04 15:45:00+00:00,long,0.66133,0.6619865,158.36283480772823,0.00099269653576892,0.10396520105128307,139,trailing_stop,0.8001527786254883,524.759190787357
AUDUSD,2025-12-04 04:15:00+00:00,2025-12-04 15:45:00+00:00,long,0.66144,0.6620250000000001,158.33649567558,0.0008844339622642381,0.09262684997022344,138,trailing_stop,0.6846895813941956,524.8518176373273
AUDUSD,2025-12-04 07:55:00+00:00,2025-12-04 15:50:00+00:00,long,0.66165,0.662053,158.30241751171195,0.0006090833522255607,0.0637958742572266,95,trailing_stop,0.7068133354187012,524.9156135115845
AUDUSD,2025-12-04 08:00:00+00:00,2025-12-05 07:05:00+00:00,long,0.66192,0.6623749999999999,158.23544764360798,0.0006873942470388918,0.07199712867783897,277,trailing_stop,0.7741554379463196,524.9876106402623
AUDUSD,2025-12-04 15:15:00+00:00,2025-12-05 07:05:00+00:00,long,0.66195,0.6623855,158.5324526994835,0.0006579046755796088,0.06904088315061271,190,trailing_stop,0.7189224362373352,525.0566515234129
AUDUSD,2025-12-04 15:25:00+00:00,2025-12-05 07:30:00+00:00,long,0.66202,0.6626115,158.51568843625165,0.0008934775384428975,0.09376202971003762,193,trailing_stop,0.7558959722518921,525.150413553123
USDJPY,2025-12-04 11:55:00+00:00,2025-12-05 07:40:00+00:00,short,154.522,154.44985,0.678911346846415,0.0004669238037301711,0.04898345367496443,237,trailing_stop,0.911945104598999,525.199397006798
AUDUSD,2025-12-05 06:05:00+00:00,2025-12-05 08:30:00+00:00,long,0.66257,0.6630834999999999,158.46269898162578,0.0007750124515144733,0.08137059592705606,29,trailing_stop,0.7686043381690979,525.2807676027251
AUDUSD,2025-12-05 06:50:00+00:00,2025-12-05 08:30:00+00:00,long,0.66271,0.6631325,158.43161098381762,0.0006375337628826972,0.06693735564066172,20,trailing_stop,0.7075543403625488,525.3477049583657
AUDUSD,2025-12-05 08:20:00+00:00,2025-12-05 13:45:00+00:00,long,0.66351,0.664043,158.32611751079162,0.0008033036427484223,0.08438782063325284,65,trailing_stop,0.8340754508972168,525.4320927789989
AUDUSD,2025-12-05 12:55:00+00:00,2025-12-05 15:40:00+00:00,long,0.66391,0.664508,158.27301497578242,0.000900724495790073,0.09464726295551588,33,trailing_stop,0.7978693842887878,525.5267400419544
USDJPY,2025-12-05 15:00:00+00:00,2025-12-05 16:25:00+00:00,long,155.298,155.41955000000002,0.6767107898499568,0.0007826887661142666,0.0822541965062713,17,trailing_stop,0.7978963255882263,525.6089942384607
EURUSD,2025-12-05 11:30:00+00:00,2025-12-05 16:30:00+00:00,short,1.16415,1.1635845,90.24732099195455,0.00048576214405359836,0.051034860020949986,60,trailing_stop,0.6638897657394409,525.6600290984817
AUDUSD,2025-12-08 14:55:00+00:00,2025-12-08 15:20:00+00:00,short,0.66298,0.6622520000000001,158.5605782753625,0.0010980723400403495,0.11543210098445611,5,trailing_stop,0.7143604159355164,525.7754611994661
USDJPY,2025-12-08 09:15:00+00:00,2025-12-08 15:25:00+00:00,long,155.544,155.78255000000001,0.6759379292101222,0.0017201897855269386,0.18085746721669363,74,trailing_stop,0.8878825902938843,525.9563186666828
EURUSD,2025-12-05 16:05:00+00:00,2025-12-08 15:45:00+00:00,short,1.16353,1.1624055,90.3269549147832,0.0009664555275755441,0.10157266080167124,284,trailing_stop,0.7867345213890076,526.0578913274845
EURUSD,2025-12-08 15:05:00+00:00,2025-12-08 15:50:00+00:00,short,1.16315,1.162617,90.38015665110328,0.00045823840433297056,0.04817262349502853,9,trailing_stop,0.8597885966300964,526.1060639509795
AUDUSD,2025-12-08 15:05:00+00:00,2025-12-09 03:35:00+00:00,short,0.66206,0.66206,158.78089442955408,0.0,0.0,148,trailing_stop,0.9020560383796692,526.1060639509795
USDJPY,2025-12-08 15:35:00+00:00,2025-12-09 06:25:00+00:00,long,155.961,156.05005,0.6745061892578954,0.0005709760773525822,0.06006477615340619,178,trailing_stop,0.8692848086357117,526.1661287271329
USDJPY,2025-12-02 15:05:00+00:00,2025-12-09 08:50:00+00:00,long,156.138,156.3252,0.6657557594520961,0.0011989393997616853,0.12462947816942575,1365,trailing_stop,0.924957811832428,526.2907582053024
USDJPY,2025-12-09 07:05:00+00:00,2025-12-09 08:50:00+00:00,long,156.123,156.31994999999998,0.6740793634486758,0.0012615053515496555,0.13275993063120783,21,trailing_stop,0.8024755716323853,526.4235181359336
USDJPY,2025-12-02 09:20:00+00:00,2025-12-09 08:55:00+00:00,long,156.071,156.30175,0.6653450683158428,0.0016870962574725623,0.17518988083402615,1435,trailing_stop,0.9011316895484924,526.5987080167677
USDJPY,2025-12-02 13:05:00+00:00,2025-12-09 08:55:00+00:00,long,156.079,156.30455,0.6658242464140227,0.0016670609114614971,0.17324294131205245,1390,trailing_stop,0.6574400067329407,526.7719509580797
USDJPY,2025-12-02 14:15:00+00:00,2025-12-09 08:55:00+00:00,long,156.089,156.30804999999998,0.6659690333371076,0.0016420196170132996,0.1706886624071333,1376,trailing_stop,0.7599078416824341,526.9426396204868
USDJPY,2025-12-02 09:10:00+00:00,2025-12-09 09:00:00+00:00,long,156.022,156.28459999999998,0.6655668329464638,0.0018098575841868146,0.18794116492702018,1438,trailing_stop,0.7413429021835327,527.1305807854138
GBPUSD,2025-12-08 15:35:00+00:00,2025-12-09 15:15:00+00:00,short,1.33089,1.329551,79.03294094076287,0.0010060936666441097,0.10582510791967983,284,trailing_stop,0.6683833003044128,527.2364058933335
USDJPY,2025-12-09 13:25:00+00:00,2025-12-09 15:15:00+00:00,long,156.49,156.72595,0.6737310993480535,0.0017046584446290597,0.17972585552428652,22,trailing_stop,0.8179113268852234,527.4161317488579
USDJPY,2025-11-26 13:45:00+00:00,2025-12-09 15:20:00+00:00,long,156.683,156.76685,0.6535462481668295,0.0005351569729965116,0.05479985290879677,2611,trailing_stop,0.8476012349128723,527.4709316017667
USDJPY,2025-11-28 00:45:00+00:00,2025-12-09 15:20:00+00:00,long,156.47,156.71895,0.656504658633888,0.0017546238895635243,0.18024072800930244,2191,trailing_stop,0.837218165397644,527.6511723297759
USDJPY,2025-12-09 13:20:00+00:00,2025-12-09 15:20:00+00:00,long,156.458,156.71475,0.6738602895288798,0.0017846092881157022,0.1881528441452159,24,trailing_stop,0.8664097785949707,527.8393251739211
AUDUSD,2025-12-05 13:25:00+00:00,2025-12-09 15:40:00+00:00,long,0.66425,0.6649845,158.19437651189912,0.0011057583741060915,0.11619376954798535,601,trailing_stop,0.7760341763496399,527.9555189434691
AUDUSD,2025-12-05 14:50:00+00:00,2025-12-09 15:40:00+00:00,long,0.66456,0.665093,158.1435945158763,0.0008020344287950007,0.08429053587696296,584,trailing_stop,0.7635473608970642,528.0398094793461
AUDUSD,2025-12-09 04:30:00+00:00,2025-12-09 15:40:00+00:00,long,0.66447,0.6650615,158.36789450820416,0.0008901831534907025,0.09367460960159756,134,trailing_stop,0.6824528574943542,528.1334840889477
USDJPY,2025-11-26 14:20:00+00:00,2025-12-09 16:00:00+00:00,long,156.704,156.8366,0.6534544907674086,0.0008461813355115153,0.08664806547575608,2612,trailing_stop,0.894444465637207,528.2201321544235
AUDUSD,2025-12-09 15:25:00+00:00,2025-12-10 19:05:00+00:00,long,0.66497,0.66497,158.7725447958854,0.0,0.0,332,trailing_stop,0.7854999303817749,528.2201321544235
EURUSD,2025-12-09 09:40:00+00:00,2025-12-10 19:10:00+00:00,long,1.16552,1.1667290000000001,90.46035502220857,0.0010373052371475716,0.10936656922187166,402,trailing_stop,0.8163805603981018,528.3294987236453
USDJPY,2025-12-10 15:00:00+00:00,2025-12-10 19:10:00+00:00,short,156.384,156.27285,0.6755035483102486,0.0007107504604050336,0.07508221939467113,50,trailing_stop,0.866319477558136,528.40458094304
AUDUSD,2025-12-09 15:30:00+00:00,2025-12-10 19:20:00+00:00,long,0.6654,0.665855,158.66754596865394,0.0006837992185151536,0.07219373341573487,334,trailing_stop,0.7968518733978271,528.4767746764556
GBPUSD,2025-12-10 15:00:00+00:00,2025-12-10 19:20:00+00:00,long,1.33364,1.335122,79.21955249923866,0.0011112444137848171,0.11740337680387039,52,trailing_stop,0.7386602759361267,528.5941780532595
AUDUSD,2025-12-05 15:25:00+00:00,2025-12-10 19:25:00+00:00,long,0.66487,0.665689,158.07223007791788,0.0015390918525426153,0.16175468074981442,910,trailing_stop,0.7628360986709595,528.7559327340093
AUDUSD,2025-11-21 10:25:00+00:00,2025-12-10 20:05:00+00:00,short,0.6423,0.66808,157.9555469469702,-0.04013700762883392,-4.072094000292896,3858,emergency_stop,0.727198600769043,524.6838387337165
AUDUSD,2025-11-21 12:20:00+00:00,2025-12-10 20:05:00+00:00,short,0.64213,0.66808,158.108594033179,-0.04041237755594666,-4.102918015161,3835,emergency_stop,0.7010914087295532,520.5809207185555
AUDUSD,2025-11-21 10:05:00+00:00,2025-12-10 20:10:00+00:00,short,0.64259,0.66836,157.84895477950565,-0.040103331829004434,-4.067767564667854,3863,emergency_stop,0.8832181096076965,516.5131531538876
AUDUSD,2025-11-21 10:15:00+00:00,2025-12-10 20:10:00+00:00,short,0.64258,0.66836,157.88672528453847,-0.04011951819228721,-4.070319777835388,3861,emergency_stop,0.7064992785453796,512.4428333760522
EURUSD,2025-12-04 08:35:00+00:00,2025-12-10 20:15:00+00:00,long,1.16797,1.169205,89.73821154170955,0.001057390172692875,0.11082669125402,1292,trailing_stop,0.8291650414466858,512.5536600673063
EURUSD,2025-12-04 08:50:00+00:00,2025-12-10 20:15:00+00:00,long,1.16818,1.1692784999999999,89.72131038810315,0.0009403516581347834,0.09855885946132155,1289,trailing_stop,0.780309796333313,512.6522189267677
EURUSD,2025-12-03 13:15:00+00:00,2025-12-10 20:20:00+00:00,long,1.16752,1.1690605,89.47955447818468,0.001591678086885107,0.16628128775969117,1525,trailing_stop,0.8601232171058655,512.8185002145274
EURUSD,2025-12-03 19:15:00+00:00,2025-12-10 20:20:00+00:00,long,1.16778,1.1691515000000001,89.58916263507335,0.0011744506670777722,0.12287153655401034,1453,trailing_stop,0.7456973791122437,512.9413717510814
USDJPY,2025-12-10 23:20:00+00:00,2025-12-11 00:15:00+00:00,short,155.764,155.65155000000001,0.6585754549903788,0.0007219254770036433,0.07405680991366513,11,trailing_stop,0.8882343769073486,513.0154285609951
GBPUSD,2025-12-04 15:20:00+00:00,2025-12-11 00:25:00+00:00,long,1.33772,1.3386365,78.44549323599287,0.0006851209520676874,0.07189529455078643,1261,trailing_stop,0.7990211248397827,513.087323855546
EURUSD,2025-12-10 23:20:00+00:00,2025-12-11 11:35:00+00:00,long,1.17004,1.1711255,87.68453409080257,0.000927746059963824,0.09518156175557255,147,trailing_stop,0.6500090956687927,513.1825054173015
EURUSD,2025-12-11 00:00:00+00:00,2025-12-11 11:35:00+00:00,long,1.17037,1.171241,87.66055793881542,0.000744209096268758,0.07635234596471403,139,trailing_stop,0.7652374505996704,513.2588577632662
EURUSD,2025-12-11 01:00:00+00:00,2025-12-11 13:35:00+00:00,long,1.17079,1.171908,87.65404307737117,0.0009549107867337031,0.09799722016049678,151,trailing_stop,0.8851298093795776,513.3568549834267
EURUSD,2025-12-11 10:55:00+00:00,2025-12-11 13:35:00+00:00,long,1.17079,1.171908,87.65329435826602,0.0009549107867337031,0.09799638309253723,32,trailing_stop,0.775524914264679,513.4548513665193
GBPUSD,2025-12-11 00:05:00+00:00,2025-12-11 13:55:00+00:00,long,1.33926,1.3406835,76.60700769160758,0.001062900407687844,0.10905007544900507,166,trailing_stop,0.7991774082183838,513.5639014419683
GBPUSD,2025-12-11 13:20:00+00:00,2025-12-11 14:00:00+00:00,long,1.33942,1.340733,76.64469398848163,0.0009802750444221362,0.10063448320686855,8,trailing_stop,0.7384544610977173,513.6645359251751
EURUSD,2025-12-11 13:35:00+00:00,2025-12-11 14:45:00+00:00,long,1.17262,1.1740175000000002,87.57992927601947,0.0011917756818066914,0.12239295116325143,14,trailing_stop,0.7551037669181824,513.7869288763384
EURUSD,2025-12-11 13:40:00+00:00,2025-12-11 14:45:00+00:00,long,1.17294,1.1741295,87.55603420127197,0.0010141183692260085,0.10414790268240903,13,trailing_stop,0.76230788230896,513.8910767790208
EURUSD,2025-12-11 13:45:00+00:00,2025-12-11 14:45:00+00:00,long,1.17356,1.174301,87.51052031437007,0.0006314121135690572,0.06484529555295722,12,trailing_stop,0.6837506294250488,513.9559220745737
EURUSD,2025-12-11 11:00:00+00:00,2025-12-11 14:55:00+00:00,long,1.17119,1.1735170000000001,87.6248525071379,0.001992120834365145,0.20444209987674383,47,trailing_stop,0.8769862055778503,514.1603641744504
USDJPY,2025-12-11 00:15:00+00:00,2025-12-11 15:15:00+00:00,short,155.573,155.17000000000002,0.6594791538365559,0.002354254272913648,0.2415397797175275,180,trailing_stop,0.7380438446998596,514.4019039541679
GBPUSD,2025-12-11 14:20:00+00:00,2025-12-11 16:10:00+00:00,long,1.34227,1.342777,76.54182537739725,0.00037771834280736006,0.0388067054663431,22,trailing_stop,0.7948054671287537,514.4407106596342
EURUSD,2025-12-11 14:00:00+00:00,2025-12-11 16:20:00+00:00,long,1.1737,1.1751105,87.53506857844533,0.0012017551333389975,0.12346821422989551,28,trailing_stop,0.7187751531600952,514.5641788738641
EURUSD,2025-12-11 15:10:00+00:00,2025-12-11 17:20:00+00:00,long,1.17475,1.175699,87.54049854844729,0.0008078314535008203,0.08307593312248424,26,trailing_stop,0.681597113609314,514.6472548069866
EURUSD,2025-12-11 15:20:00+00:00,2025-12-11 17:20:00+00:00,long,1.17493,1.1757295,87.56894990069674,0.0006804660703191374,0.07001137544561264,24,trailing_stop,0.7954410314559937,514.7172661824321
EURUSD,2025-12-11 15:25:00+00:00,2025-12-11 17:20:00+00:00,long,1.17496,1.17574,87.5667138693599,0.0006638523864642225,0.06830203681810099,23,trailing_stop,0.6725926399230957,514.7855682192502
USDJPY,2025-12-12 09:25:00+00:00,2025-12-12 12:55:00+00:00,long,155.886,156.0394,0.6604980410567884,0.000984052448584253,0.10132039949811457,42,trailing_stop,0.6666054129600525,514.8868886187483
AUDUSD,2025-12-12 15:00:00+00:00,2025-12-12 15:30:00+00:00,short,0.66569,0.6649035,154.67642652569944,0.001181480869473814,0.12165300946246621,6,trailing_stop,0.8350092172622681,515.0085416282108
GBPUSD,2025-12-12 12:40:00+00:00,2025-12-12 16:05:00+00:00,short,1.33669,1.3359685,77.01874178537234,0.0005397661387457388,0.05556902219814935,41,trailing_stop,0.6723057627677917,515.0641106504089
AUDUSD,2025-12-12 15:20:00+00:00,2025-12-12 16:15:00+00:00,short,0.66469,0.6640465,154.90910663058798,0.0009681204772149709,0.09968401011678632,11,trailing_stop,0.87197345495224,515.1637946605257
AUDUSD,2025-12-12 15:50:00+00:00,2025-12-12 16:50:00+00:00,short,0.66404,0.663689,155.09736086738968,0.0005285826155050754,0.054439173664452264,12,trailing_stop,0.7932648658752441,515.2182338341902
USDJPY,2025-12-15 02:20:00+00:00,2025-12-15 03:15:00+00:00,short,155.518,155.3854,0.6625493278733976,0.0008526344217389402,0.0878540408760102,11,trailing_stop,0.733754575252533,515.3060878750662
USDJPY,2025-12-15 04:30:00+00:00,2025-12-15 06:05:00+00:00,short,155.224,155.0992,0.6639173467778116,0.0008039993815388946,0.08285688487786647,19,trailing_stop,0.683010995388031,515.388944759944
GBPUSD,2025-12-15 09:25:00+00:00,2025-12-15 14:55:00+00:00,long,1.33847,1.3395035,77.0168330010825,0.0007721502910038398,0.0795968969066118,66,trailing_stop,0.800906240940094,515.4685416568507
EURUSD,2025-12-11 15:40:00+00:00,2025-12-15 15:10:00+00:00,long,1.17519,1.1762495,87.54957475541316,0.000901556344080524,0.09275877445335945,570,trailing_stop,0.6827976703643799,515.5613004313041
EURUSD,2025-12-12 17:40:00+00:00,2025-12-15 15:10:00+00:00,long,1.17488,1.1761409999999999,87.71165029523155,0.0010733011030913426,0.11060439102228317,258,trailing_stop,0.7653679251670837,515.6719048223264
EURUSD,2025-12-12 17:55:00+00:00,2025-12-15 15:10:00+00:00,long,1.17486,1.176134,87.71314353907799,0.0010843845224111786,0.11174654486878513,255,trailing_stop,0.6987449526786804,515.7836513671951
EURUSD,2025-12-15 11:50:00+00:00,2025-12-15 15:10:00+00:00,long,1.17503,1.1761935,87.72876434260638,0.0009901874845747538,0.1020724173126114,40,trailing_stop,0.6792222261428833,515.8857237845077
USDJPY,2025-12-15 06:25:00+00:00,2025-12-16 00:15:00+00:00,short,154.98,154.82595,0.665065191413512,0.0009939992257064383,0.10245329273724074,214,trailing_stop,0.8286484479904175,515.9881770772449
AUDUSD,2025-12-12 16:05:00+00:00,2025-12-16 01:20:00+00:00,short,0.66376,0.6633245,155.1795220614943,0.0006561106424009176,0.06758068185778592,399,trailing_stop,0.7243801951408386,516.0557577591027
AUDUSD,2025-12-15 17:30:00+00:00,2025-12-16 01:20:00+00:00,short,0.66375,0.6633209999999999,155.43174215046707,0.0006463276836158385,0.06668021738255235,94,trailing_stop,0.7491201758384705,516.1224379764852
AUDUSD,2025-12-15 18:15:00+00:00,2025-12-16 01:40:00+00:00,short,0.66347,0.6627095,155.49498863203655,0.0011462462507725335,0.11825393885467202,89,trailing_stop,0.6910293102264404,516.2406919153399
AUDUSD,2025-12-10 02:00:00+00:00,2025-12-16 01:50:00+00:00,short,0.6631,0.6623135,159.30157641462174,0.0011860956115216758,0.1252906898501037,1150,trailing_stop,0.6847832202911377,516.36598260519
AUDUSD,2025-12-16 00:35:00+00:00,2025-12-16 01:50:00+00:00,short,0.66305,0.662296,155.62437479709402,0.0011371691425986462,0.11734077859701393,15,trailing_stop,0.7097014784812927,516.483323383787
AUDUSD,2025-12-10 02:05:00+00:00,2025-12-16 01:55:00+00:00,short,0.66286,0.6622815,159.361652131305,0.000872733307184077,0.09219071575796588,1150,trailing_stop,0.7971935868263245,516.575514099545
AUDUSD,2025-12-11 06:15:00+00:00,2025-12-16 01:55:00+00:00,short,0.66288,0.6622885,154.7914815384638,0.0008923183683322443,0.09155916133001343,812,trailing_stop,0.8409318327903748,516.667073260875
AUDUSD,2025-12-12 16:35:00+00:00,2025-12-16 02:00:00+00:00,short,0.66338,0.6624635,155.3007942422904,0.0016289366577225605,0.16781865946139476,401,trailing_stop,0.7960973381996155,516.8348919203364
AUDUSD,2025-12-15 18:20:00+00:00,2025-12-16 02:00:00+00:00,short,0.66338,0.6624635,155.51842631873498,0.0016289366577225605,0.16805383355372908,92,trailing_stop,0.762787938117981,517.0029457538901
GBPUSD,2025-12-16 09:10:00+00:00,2025-12-16 11:05:00+00:00,long,1.34025,1.3417645,77.15483046984937,0.0011300130572654992,0.11685099074659346,23,trailing_stop,0.8805853724479675,517.1197967446367
GBPUSD,2025-12-16 11:50:00+00:00,2025-12-16 13:35:00+00:00,long,1.34306,1.34306,77.01136983620434,0.0,0.0,21,trailing_stop,0.866262674331665,517.1197967446367
EURUSD,2025-12-16 12:55:00+00:00,2025-12-16 13:35:00+00:00,long,1.17786,1.17786,87.81262998941001,0.0,0.0,8,trailing_stop,0.8578219413757324,517.1197967446367
GBPUSD,2025-12-11 15:05:00+00:00,2025-12-16 13:40:00+00:00,long,1.34274,1.34274,76.58831933243715,0.0008,0.08227055992034933,847,trailing_stop,0.6591106653213501,517.2020673045571
EURUSD,2025-12-15 15:20:00+00:00,2025-12-16 13:40:00+00:00,long,1.17677,1.17677,87.68347476578697,0.0008,0.08254662608010811,268,trailing_stop,0.7570705413818359,517.2846139306372
USDJPY,2025-12-16 03:00:00+00:00,2025-12-16 13:40:00+00:00,short,154.716,154.716,0.6682905635245859,0.0008,0.08271619426101587,128,trailing_stop,0.7230143547058105,517.3673301248982
EURUSD,2025-12-16 12:20:00+00:00,2025-12-16 13:40:00+00:00,long,1.17689,1.17689,87.88501062102408,0.0008,0.08274479211982162,16,trailing_stop,0.7602887749671936,517.450074917018
EURUSD,2025-12-16 12:50:00+00:00,2025-12-16 13:40:00+00:00,long,1.17704,1.17704,87.87380994165251,0.0008,0.08274479140297814,10,trailing_stop,0.8368390202522278,517.532819708421
EURUSD,2025-12-17 06:10:00+00:00,2025-12-17 07:10:00+00:00,short,1.1723,1.1711885,88.28755517979171,0.0009481361426255499,0.09813161758233248,12,trailing_stop,0.6857835650444031,517.6309513260034
EURUSD,2025-12-12 10:25:00+00:00,2025-12-17 07:30:00+00:00,short,1.17251,1.171132,87.80391414133796,0.0011752565010105494,0.1209937936867531,829,trailing_stop,0.7521293759346008,517.7519451196902
EURUSD,2025-12-17 06:50:00+00:00,2025-12-17 07:30:00+00:00,short,1.1716,1.1708915,88.34030105633295,0.0006047285763059072,0.06258910329841197,8,trailing_stop,0.829232931137085,517.8145342229885
EURUSD,2025-12-17 04:25:00+00:00,2025-12-17 07:35:00+00:00,short,1.17294,1.1712825,88.23938546800925,0.0016478694562382164,0.17055367268061736,38,trailing_stop,0.843285322189331,517.9850878956692
GBPUSD,2025-12-17 07:15:00+00:00,2025-12-17 08:10:00+00:00,short,1.33312,1.331911,77.65124305456014,0.0009068951032165263,0.09388035285296442,11,trailing_stop,0.8602094054222107,518.0789682485221
GBPUSD,2025-12-17 07:30:00+00:00,2025-12-17 08:10:00+00:00,short,1.33308,1.331897,77.68227882969614,0.0008874186095357623,0.0918981358555254,8,trailing_stop,0.7961985468864441,518.1708663843776
USDJPY,2025-12-17 04:25:00+00:00,2025-12-17 13:15:00+00:00,long,155.063,155.4322,0.6675431066304057,0.002228580641416739,0.23068313837551452,106,trailing_stop,0.7387138605117798,518.4015495227532
AUDUSD,2025-12-08 16:00:00+00:00,2025-12-17 16:00:00+00:00,short,0.66149,0.66149,159.05254748725858,0.0,0.0,2014,trailing_stop,0.7179784178733826,518.4015495227532
AUDUSD,2025-12-08 15:40:00+00:00,2025-12-17 16:05:00+00:00,short,0.66161,0.661324,158.98084172133204,0.0004322788349632086,0.045468520732302314,2019,trailing_stop,0.8452648520469666,518.4470180434855
AUDUSD,2025-12-16 01:45:00+00:00,2025-12-17 16:05:00+00:00,short,0.6618,0.6613905,155.9945886398658,0.0006187669990934762,0.06387978404803482,460,trailing_stop,0.6671611666679382,518.5108978275335
AUDUSD,2025-12-17 18:25:00+00:00,2025-12-18 01:30:00+00:00,short,0.66033,0.6598165,157.03172302049805,0.0007776414822890745,0.08063578977101704,85,trailing_stop,0.7286531329154968,518.5915336173045
AUDUSD,2025-12-17 18:35:00+00:00,2025-12-18 01:30:00+00:00,short,0.66028,0.659799,157.0436132378876,0.0007284788271641632,0.07553797796741665,83,trailing_stop,0.7899019122123718,518.667071595272
USDJPY,2025-12-17 18:50:00+00:00,2025-12-18 05:55:00+00:00,long,155.676,155.79755,0.6661753190476316,0.0007807883039133417,0.08097361003024853,133,trailing_stop,0.8126118779182434,518.7480452053022
GBPUSD,2025-12-18 12:50:00+00:00,2025-12-18 13:55:00+00:00,long,1.33968,1.342592,77.44935654538024,0.00210419204586171,0.21832539893746153,13,trailing_stop,0.6555955410003662,518.9663706042397
USDJPY,2025-12-18 06:40:00+00:00,2025-12-19 03:30:00+00:00,long,155.911,156.04165,0.6654753855991254,0.0008379780772363901,0.08694435912852762,250,trailing_stop,0.8141401410102844,519.0533149633683
EURUSD,2025-12-18 09:20:00+00:00,2025-12-19 08:00:00+00:00,short,1.172,1.1709665,88.5182702748645,0.0008818259385664758,0.09148363232906445,272,trailing_stop,0.8577768206596375,519.1447985956974
USDJPY,2025-12-19 07:40:00+00:00,2025-12-19 08:15:00+00:00,long,156.54,156.73045,0.6631997891309885,0.001529973169796851,0.1588376758964494,7,trailing_stop,0.7849590182304382,519.3036362715937
USDJPY,2025-12-09 15:50:00+00:00,2025-12-19 09:40:00+00:00,long,156.898,157.04295000000002,0.6732532144673947,0.0009238486150239186,0.09758805343706421,2230,trailing_stop,0.8435763716697693,519.4012243250309
USDJPY,2025-12-09 16:25:00+00:00,2025-12-19 09:40:00+00:00,long,156.918,157.04995,0.6732778435465216,0.0008408850482416875,0.08883901145595621,2223,trailing_stop,0.7332900166511536,519.4900633364869
USDJPY,2025-12-09 16:35:00+00:00,2025-12-19 09:40:00+00:00,long,156.921,157.05100000000002,0.6732606805695139,0.0008284423372271645,0.08752388847405289,2221,trailing_stop,0.713231086730957,519.5775872249609
USDJPY,2025-12-09 17:55:00+00:00,2025-12-19 09:40:00+00:00,long,156.927,157.0531,0.6732435184675098,0.0008035583424140403,0.08489600767875845,2205,trailing_stop,0.6938130855560303,519.6624832326396
USDJPY,2025-12-09 19:00:00+00:00,2025-12-19 09:40:00+00:00,long,156.932,157.05485,0.673217776954989,0.0007828231335865195,0.08270480389892017,2192,trailing_stop,0.6878280639648438,519.7451880365385
USDJPY,2025-12-19 08:55:00+00:00,2025-12-19 09:40:00+00:00,long,156.942,157.05835000000002,0.6618115083686056,0.0007413566795377354,0.07700176899869472,9,trailing_stop,0.8155006170272827,519.8221898055372
USDJPY,2025-12-09 15:05:00+00:00,2025-12-19 09:45:00+00:00,long,156.834,157.02055000000001,0.672248964821412,0.0011894742211510966,0.12540804438744188,2240,trailing_stop,0.8452961444854736,519.9475978499246
USDJPY,2025-12-09 15:45:00+00:00,2025-12-19 09:45:00+00:00,long,156.851,157.0265,0.673454963356921,0.0011188962773587643,0.11819134606913932,2232,trailing_stop,0.7041263580322266,520.0657891959937
USDJPY,2025-12-09 19:05:00+00:00,2025-12-19 09:45:00+00:00,long,156.952,157.0495,0.6731319861280757,0.0006212090320607357,0.06563036864748509,2192,trailing_stop,0.77717125415802,520.1314195646412
USDJPY,2025-11-24 14:25:00+00:00,2025-12-19 10:10:00+00:00,long,157.083,157.1714,0.6477018197716466,0.0005627598148749841,0.05725684086781818,5421,trailing_stop,0.7286896109580994,520.188676405509
USDJPY,2025-12-19 09:55:00+00:00,2025-12-19 10:40:00+00:00,long,157.21,157.32635000000002,0.6617363895683784,0.0007400928694104146,0.07699302892628829,9,trailing_stop,0.8093919157981873,520.2656694344353
USDJPY,2025-11-24 15:00:00+00:00,2025-12-19 10:55:00+00:00,long,157.185,157.32085,0.647452158898504,0.0008642682189776691,0.08795637578636496,5423,trailing_stop,0.9014838933944702,520.3536258102216
USDJPY,2025-12-19 09:45:00+00:00,2025-12-19 10:55:00+00:00,long,157.145,157.30685,0.6620143309803497,0.0010299405008112694,0.10714701946916096,14,trailing_stop,0.8338105082511902,520.4607728296908
USDJPY,2025-12-19 10:25:00+00:00,2025-12-19 15:10:00+00:00,long,157.282,157.36845,0.6615146706413209,0.0005496496738341643,0.05718794327693229,57,trailing_stop,0.8400678038597107,520.5179607729677
USDJPY,2025-12-19 14:55:00+00:00,2025-12-19 17:15:00+00:00,long,157.434,157.434,0.6612342353684589,0.0,0.0,28,trailing_stop,0.8263406753540039,520.5179607729677
USDJPY,2025-12-19 15:30:00+00:00,2025-12-19 17:15:00+00:00,long,157.478,157.478,0.6611095089452687,0.0,0.0,21,trailing_stop,0.6765101552009583,520.5179607729677
USDJPY,2025-12-19 15:50:00+00:00,2025-12-19 17:15:00+00:00,long,157.492,157.492,0.6610423417908712,0.0,0.0,17,trailing_stop,0.8063750267028809,520.5179607729677
USDJPY,2025-12-19 15:55:00+00:00,2025-12-19 17:15:00+00:00,long,157.483,157.483,0.6610801216357743,0.0,0.0,16,trailing_stop,0.6756294369697571,520.5179607729677
AUDUSD,2025-12-19 14:40:00+00:00,2025-12-22 07:10:00+00:00,long,0.66241,0.6629105,157.15818849222174,0.0007555743421746407,0.07865767334034186,198,trailing_stop,0.8151246905326843,520.5966184463081
AUDUSD,2025-12-22 07:00:00+00:00,2025-12-22 08:00:00+00:00,long,0.66323,0.663698,156.9811088645177,0.0007056375616302399,0.07346715894859805,12,trailing_stop,0.7213312387466431,520.6700856052566
AUDUSD,2025-12-18 14:05:00+00:00,2025-12-22 08:05:00+00:00,long,0.66308,0.6636455,156.54621899919752,0.0008528382698920139,0.08852688684404565,504,trailing_stop,0.7031923532485962,520.7586124921007
AUDUSD,2025-12-22 07:20:00+00:00,2025-12-22 09:40:00+00:00,long,0.66335,0.663844,156.97642577683877,0.0007447049069118783,0.07754635433375748,28,trailing_stop,0.8027524948120117,520.8361588464345
AUDUSD,2025-12-22 07:30:00+00:00,2025-12-22 12:15:00+00:00,long,0.66368,0.6641415,156.89600025505806,0.0006953652362584431,0.07240750411770985,57,trailing_stop,0.687276303768158,520.9085663505522
AUDUSD,2025-12-22 09:30:00+00:00,2025-12-22 13:20:00+00:00,long,0.6642,0.664655,156.82193889604625,0.0006850346281240337,0.07135398219769841,46,trailing_stop,0.7349247336387634,520.9799203327499
AUDUSD,2025-12-22 07:35:00+00:00,2025-12-22 13:30:00+00:00,long,0.66376,0.66454,156.87945228835994,0.0011751235386284243,0.12236597278492121,71,trailing_stop,0.6505234837532043,521.1022863055348
EURUSD,2025-12-19 14:10:00+00:00,2025-12-22 14:00:00+00:00,long,1.17346,1.174708,88.71137616623614,0.0010635215516507917,0.11071179745547494,286,trailing_stop,0.8432919383049011,521.2129981029902
AUDUSD,2025-12-22 10:05:00+00:00,2025-12-22 14:40:00+00:00,long,0.6643,0.665067,156.82167856390296,0.0011545988258316456,0.12028222745850765,55,trailing_stop,0.6756173372268677,521.3332803304487
AUDUSD,2025-12-22 11:40:00+00:00,2025-12-22 14:40:00+00:00,long,0.66434,0.665081,156.81459612700692,0.0011153927205948635,0.11619961573011083,36,trailing_stop,0.7152771949768066,521.4494799461788
AUDUSD,2025-12-22 12:05:00+00:00,2025-12-22 14:40:00+00:00,long,0.66451,0.6651405,156.77447439842106,0.0009488194308587956,0.09884630610820108,31,trailing_stop,0.6879085898399353,521.548326252287
AUDUSD,2025-12-22 12:55:00+00:00,2025-12-22 14:45:00+00:00,long,0.66471,0.6649635,156.74908713004098,0.000381369318951148,0.039735893587468145,22,trailing_stop,0.6810151934623718,521.5880621458745
AUDUSD,2025-12-22 13:00:00+00:00,2025-12-22 15:45:00+00:00,long,0.66482,0.6653335,156.7207913684795,0.0007723895189676237,0.08047612636772293,33,trailing_stop,0.7958804965019226,521.6685382722421
AUDUSD,2025-12-19 15:00:00+00:00,2025-12-22 16:10:00+00:00,long,0.66249,0.6657723,157.13920860773854,0.0033908979758184906,0.35300317522793245,302,target,0.7590057253837585,522.0215414474701
GBPUSD,2025-12-18 14:05:00+00:00,2025-12-22 17:15:00+00:00,long,1.34461,1.3459100000000002,77.19727049121468,0.0009668230936852164,0.10035645163858517,610,trailing_stop,0.657348096370697,522.1218978991087
AUDUSD,2025-12-22 14:30:00+00:00,2025-12-22 23:30:00+00:00,long,0.66536,0.665776,156.68510389387953,0.0006252254418661822,0.06518100321986689,108,trailing_stop,0.7814629673957825,522.1870789023286
AUDUSD,2025-12-22 15:30:00+00:00,2025-12-23 00:40:00+00:00,long,0.66556,0.6662165,156.75073242550698,0.0009863874030890509,0.1029068558373373,110,trailing_stop,0.7752717137336731,522.2899857581659
AUDUSD,2025-12-22 15:35:00+00:00,2025-12-23 00:40:00+00:00,long,0.66556,0.6662165,156.75073242550698,0.0009863874030890509,0.1029068558373373,109,trailing_stop,0.671044647693634,522.3928926140032
AUDUSD,2025-12-22 15:40:00+00:00,2025-12-23 00:40:00+00:00,long,0.6657,0.666207,156.71776400032286,0.0007616043262731489,0.07945590634816921,108,trailing_stop,0.7404363751411438,522.4723485203514
AUDUSD,2025-12-22 15:55:00+00:00,2025-12-23 00:40:00+00:00,long,0.66578,0.666235,156.72310829545216,0.0006834089338820378,0.0713090142744281,105,trailing_stop,0.815926730632782,522.5436575346258
AUDUSD,2025-12-22 16:05:00+00:00,2025-12-23 00:40:00+00:00,long,0.66582,0.666249,156.7136921029326,0.0006443182842209797,0.06723017391216007,103,trailing_stop,0.7293522357940674,522.610887708538
USDJPY,2025-12-22 17:30:00+00:00,2025-12-23 01:05:00+00:00,short,156.787,156.66155,0.6659887980549359,0.0008001301128282366,0.0835482947159922,91,trailing_stop,0.7433675527572632,522.694436003254
EURUSD,2025-12-22 14:25:00+00:00,2025-12-23 01:20:00+00:00,long,1.17582,1.1766195,88.66126832513825,0.0006799510129100049,0.07088468402593402,131,trailing_stop,0.8005870580673218,522.76532068728
USDJPY,2025-12-23 00:50:00+00:00,2025-12-23 01:25:00+00:00,short,156.697,156.60989999999998,0.6669953769588122,0.0005558498248212846,0.05809529733312643,7,trailing_stop,0.8077525496482849,522.8234159846131
USDJPY,2025-12-22 17:35:00+00:00,2025-12-23 02:10:00+00:00,short,156.717,156.47585,0.6662862548640412,0.0017232565707613263,0.17993966461910235,103,trailing_stop,0.8771498203277588,523.0033556492323
USDJPY,2025-12-23 00:55:00+00:00,2025-12-23 02:10:00+00:00,short,156.608,156.4377,0.6673786684738954,0.0010874284838577688,0.1136545872411027,15,trailing_stop,0.7481465339660645,523.1170102364733
USDJPY,2025-12-23 01:05:00+00:00,2025-12-23 02:10:00+00:00,short,156.575,156.42615,0.6676217697890641,0.0009506626217466501,0.09937550043308999,13,trailing_stop,0.8659188747406006,523.2163857369064
USDJPY,2025-12-23 01:10:00+00:00,2025-12-23 02:10:00+00:00,short,156.548,156.4167,0.6677411737694551,0.000838720392467551,0.08767441611593624,12,trailing_stop,0.8732379078865051,523.3040601530224
USDJPY,2025-12-23 01:35:00+00:00,2025-12-23 02:15:00+00:00,short,156.524,156.43105,0.6679998159947528,0.0005938386445529239,0.06209058289671352,8,trailing_stop,0.7571700215339661,523.3661507359192
AUDUSD,2025-12-22 17:35:00+00:00,2025-12-23 02:25:00+00:00,long,0.66607,0.666538,156.79336273246506,0.000702628852823146,0.07337929375878,106,trailing_stop,0.7667168378829956,523.4395300296779
USDJPY,2025-12-23 01:45:00+00:00,2025-12-23 02:55:00+00:00,short,156.475,156.3528,0.6682217967365104,0.0007809554241891185,0.08165670356119642,14,trailing_stop,0.6557022929191589,523.5211867332391
USDJPY,2025-12-23 01:50:00+00:00,2025-12-23 03:10:00+00:00,short,156.428,156.30645,0.6684140145676701,0.0007770348019535183,0.08124572347069024,16,trailing_stop,0.6632901430130005,523.6024324567098
USDJPY,2025-12-22 17:25:00+00:00,2025-12-23 04:10:00+00:00,short,156.832,156.05381,0.6658019611057239,0.0033923867578045234,0.3542298132164909,129,target,0.8017709851264954,523.9566622699264
AUDUSD,2025-12-23 00:05:00+00:00,2025-12-23 04:15:00+00:00,long,0.66632,0.6667555,156.75409498006113,0.000653589866730583,0.0682664083638044,50,trailing_stop,0.7125710248947144,524.0249286782902
USDJPY,2025-12-23 03:00:00+00:00,2025-12-23 04:20:00+00:00,short,156.248,156.06664999999998,0.670081387893251,0.0011606548563822194,0.12151925969444709,16,trailing_stop,0.833060622215271,524.1464479379846
USDJPY,2025-12-23 03:50:00+00:00,2025-12-23 04:20:00+00:00,short,156.197,156.0488,0.6704041899512946,0.0009488018335819687,0.09935390095078371,6,trailing_stop,0.7107334136962891,524.2458018389353
USDJPY,2025-12-23 03:55:00+00:00,2025-12-23 04:20:00+00:00,short,156.185,156.0446,0.6704642808570402,0.0008989339565259124,0.0941331850323282,5,trailing_stop,0.6569061279296875,524.3399350239677
USDJPY,2025-12-23 02:30:00+00:00,2025-12-23 04:30:00+00:00,short,156.335,156.0971,0.6696040501073639,0.0017130393066171856,0.17932532145115138,24,trailing_stop,0.8781841993331909,524.5192603454188
USDJPY,2025-12-23 02:00:00+00:00,2025-12-23 05:50:00+00:00,short,156.367,156.07645,0.6686747531393732,0.0019148771799676252,0.20021700181410082,46,trailing_stop,0.7281842827796936,524.7194773472329
GBPUSD,2025-12-23 01:35:00+00:00,2025-12-23 06:00:00+00:00,long,1.34782,1.3487495,77.58693131083291,0.0006896321467258443,0.07211705265342132,53,trailing_stop,0.6541811227798462,524.7915943998863
GBPUSD,2025-12-23 07:30:00+00:00,2025-12-23 08:15:00+00:00,long,1.34929,1.3504340000000001,77.79300243105341,0.0008478533154474085,0.08899519478112773,9,trailing_stop,0.7313708066940308,524.8805895946674
USDJPY,2025-12-23 05:25:00+00:00,2025-12-23 09:10:00+00:00,short,155.914,155.74759999999998,0.6728056187088493,0.0010672550252062683,0.11195485495315932,45,trailing_stop,0.6832683086395264,524.9925444496206
USDJPY,2025-12-23 04:05:00+00:00,2025-12-23 09:15:00+00:00,short,156.041,155.8044,0.6710743836316924,0.0017097608961747614,0.17903781381737735,62,trailing_stop,0.8836231827735901,525.1715822634379
USDJPY,2025-12-23 04:10:00+00:00,2025-12-23 09:15:00+00:00,short,155.976,155.78164999999998,0.6717996003101899,0.0015476150176950848,0.16216624295856275,61,trailing_stop,0.9154122471809387,525.3337485063965
USDJPY,2025-12-23 04:55:00+00:00,2025-12-23 09:15:00+00:00,short,155.988,155.78584999999998,0.6724864550500902,0.0015775598122933201,0.16548573585331522,52,trailing_stop,0.6652900576591492,525.4992342422498
EURUSD,2025-12-23 01:35:00+00:00,2025-12-23 09:20:00+00:00,long,1.17717,1.1783335,88.83321003230222,0.0009883874036883992,0.10335743987257234,93,trailing_stop,0.7174612879753113,525.6025916821224
AUDUSD,2025-12-23 08:05:00+00:00,2025-12-23 09:20:00+00:00,long,0.66805,0.668713,157.12558403565512,0.0009924406855773807,0.1041742622156345,15,trailing_stop,0.8387833833694458,525.706765944338
AUDUSD,2025-12-23 08:10:00+00:00,2025-12-23 09:20:00+00:00,long,0.66838,0.6687895,157.05269920690895,0.0006126754241600027,0.06431308032523905,14,trailing_stop,0.7482023239135742,525.7710790246633
AUDUSD,2025-12-23 08:25:00+00:00,2025-12-23 11:15:00+00:00,long,0.66854,0.669281,157.04173461229314,0.001108385436922236,0.1163679253477079,34,trailing_stop,0.6917763352394104,525.887446950011
AUDUSD,2025-12-23 08:15:00+00:00,2025-12-23 11:20:00+00:00,long,0.66844,0.669246,157.060531312926,0.001205792591706022,0.12659078823821418,37,trailing_stop,0.7197376489639282,526.0140377382493
EURUSD,2025-12-23 09:35:00+00:00,2025-12-23 12:40:00+00:00,long,1.17895,1.179691,89.19916174381625,0.0006285253827559292,0.066096578852177,37,trailing_stop,0.7164756655693054,526.0801343171014
AUDUSD,2025-12-23 09:35:00+00:00,2025-12-23 13:30:00+00:00,long,0.6693,0.6697095000000001,157.12482189488478,0.0006118332586285113,0.06434261456596516,47,trailing_stop,0.7017021775245667,526.1444769316673
AUDUSD,2025-12-23 07:00:00+00:00,2025-12-23 13:50:00+00:00,long,0.66731,0.6690195,157.30219842931666,0.0029123555768683315,0.30570801372426587,82,trailing_stop,0.8016543388366699,526.4501849453916
AUDUSD,2025-12-23 07:10:00+00:00,2025-12-23 13:50:00+00:00,long,0.66736,0.669063,157.28805466803126,0.0023311076480460415,0.2446911391904012,80,trailing_stop,0.68269944190979,526.694876084582
AUDUSD,2025-12-23 07:15:00+00:00,2025-12-23 13:50:00+00:00,long,0.66763,0.6691575,157.22679441544918,0.002172766352620477,0.22807381688622966,79,trailing_stop,0.7400014400482178,526.9229499014682
AUDUSD,2025-12-23 07:35:00+00:00,2025-12-23 13:50:00+00:00,long,0.66768,0.6691750000000001,157.21501906798468,0.0021434579439252553,0.22499733124903415,75,trailing_stop,0.6764269471168518,527.1479472327172
AUDUSD,2025-12-23 07:45:00+00:00,2025-12-23 13:50:00+00:00,long,0.66783,0.6692275,157.17970360605196,0.002055559049458641,0.2157706386410527,73,trailing_stop,0.7503030300140381,527.3637178713583
AUDUSD,2025-12-23 09:50:00+00:00,2025-12-23 22:00:00+00:00,long,0.66934,0.669899,157.11543121702826,0.000835151044312272,0.08782752605031505,146,trailing_stop,0.6764227747917175,527.4515453974086
AUDUSD,2025-12-24 00:00:00+00:00,2025-12-24 02:25:00+00:00,long,0.67043,0.6709955,157.3636688935523,0.0008434885073758581,0.08898915475930329,29,trailing_stop,0.7714459896087646,527.5405345521679
AUDUSD,2025-12-23 13:10:00+00:00,2025-12-24 02:30:00+00:00,long,0.66981,0.6707785,157.0998101702456,0.0016675594571595276,0.17547231877003913,160,trailing_stop,0.740756094455719,527.7160068709379
AUDUSD,2025-12-23 13:15:00+00:00,2025-12-24 02:30:00+00:00,long,0.67001,0.6708485,157.05056625631806,0.0012514738585990722,0.1316868998059171,159,trailing_stop,0.6964454054832458,527.8476937707438
GBPUSD,2025-12-23 08:55:00+00:00,2025-12-24 03:00:00+00:00,long,1.35109,1.3525525,77.70368023133835,0.00108245934763794,0.11364163233834355,217,trailing_stop,0.6774796843528748,527.9613354030822
AUDUSD,2025-12-24 01:35:00+00:00,2025-12-24 07:05:00+00:00,long,0.67075,0.6713675,157.28624115385904,0.0009206112560567255,0.0971242539125156,66,trailing_stop,0.6974378228187561,528.0584596569947
USDJPY,2025-12-25 23:50:00+00:00,2025-12-26 00:15:00+00:00,long,156.076,156.1839,0.6767117240872383,0.0006913298649375995,0.07301719502901353,5,trailing_stop,0.8074272274971008,528.1314768520238
USDJPY,2025-12-25 23:55:00+00:00,2025-12-26 01:05:00+00:00,long,156.117,156.3562,0.6765296585146113,0.001719310517112208,0.18158976114868192,14,trailing_stop,0.6561228036880493,528.3130666131724
USDJPY,2025-12-26 00:45:00+00:00,2025-12-26 01:05:00+00:00,long,156.301,156.3881,0.6758223040725096,0.0005572581109527184,0.05886412268472967,4,trailing_stop,0.7499966025352478,528.3719307358572
AUDUSD,2025-12-24 01:50:00+00:00,2025-12-26 14:30:00+00:00,long,0.6712,0.6717525,157.1807805815206,0.0008231525625744275,0.08684238127128317,440,trailing_stop,0.7805292010307312,528.4587731171284
AUDUSD,2025-12-24 02:00:00+00:00,2025-12-26 14:30:00+00:00,long,0.67134,0.671756,157.14799946293905,0.0006196562099680817,0.06537356777657824,438,trailing_stop,0.8335639238357544,528.524146684905
AUDUSD,2025-12-24 06:35:00+00:00,2025-12-26 15:30:00+00:00,long,0.67155,0.6721155,157.2530337174844,0.0008420817511726552,0.0889265905672369,395,trailing_stop,0.7987480759620667,528.6130732754722
AUDUSD,2025-12-24 06:40:00+00:00,2025-12-26 15:35:00+00:00,long,0.67172,0.672175,157.21089104698274,0.000677365568987053,0.07153095542637451,395,trailing_stop,0.809701681137085,528.6846042308986
AUDUSD,2025-12-24 06:45:00+00:00,2025-12-26 15:35:00+00:00,long,0.67174,0.6721820000000001,157.2062099223089,0.0006579926757377161,0.06948514478566893,394,trailing_stop,0.6842265725135803,528.7540893756842
USDJPY,2025-12-26 00:50:00+00:00,2025-12-26 17:35:00+00:00,long,156.441,156.62235,0.6752261084465659,0.0011592229658466068,0.12245225476679082,201,trailing_stop,0.7961018681526184,528.876541630451
USDJPY,2025-12-26 16:10:00+00:00,2025-12-26 17:40:00+00:00,long,156.549,156.65755000000001,0.6755514109820931,0.0006933931229200323,0.0733311056621117,18,trailing_stop,0.7561875581741333,528.9498727361131
GBPUSD,2025-12-26 07:00:00+00:00,2025-12-29 12:35:00+00:00,short,1.34838,1.347639,78.36555688417435,0.0005495483469050867,0.05806887765116384,355,trailing_stop,0.812786340713501,529.0079416137643
AUDUSD,2025-12-26 09:40:00+00:00,2025-12-29 12:50:00+00:00,short,0.66968,0.668835,157.7841940860206,0.0012617966790110136,0.13332764400270247,326,trailing_stop,0.7741334438323975,529.141269257767
AUDUSD,2025-12-29 09:15:00+00:00,2025-12-29 12:50:00+00:00,short,0.66939,0.6687335,158.02284609569296,0.0009807436621402468,0.10374199846183188,43,trailing_stop,0.6799414753913879,529.2450112562288
AUDUSD,2025-12-26 09:20:00+00:00,2025-12-29 12:55:00+00:00,short,0.66974,0.668895,157.76770449406763,0.0015570101830560976,0.16451890010477632,331,trailing_stop,0.8839502930641174,529.4095301563336
USDJPY,2025-12-29 14:35:00+00:00,2025-12-30 08:10:00+00:00,short,156.049,155.94955,0.6784779122586906,0.000637299822491773,0.06747462837413945,211,trailing_stop,0.7196343541145325,529.4770047847078
GBPUSD,2025-12-29 15:45:00+00:00,2025-12-30 10:45:00+00:00,long,1.35115,1.3523525,78.36950692883124,0.0008899826074085003,0.0942393320819192,228,trailing_stop,0.6701303124427795,529.5712441167897
GBPUSD,2025-12-30 14:10:00+00:00,2025-12-30 15:40:00+00:00,short,1.34816,1.346145,78.55683205885995,0.0016967778305246113,0.1797009529259445,18,trailing_stop,0.6731706261634827,529.7509450697156
USDJPY,2025-12-30 15:20:00+00:00,2025-12-31 05:40:00+00:00,long,156.463,156.56895,0.6769630169911983,0.0006771568997143548,0.07172423165022226,172,trailing_stop,0.8951581120491028,529.8226693013659
GBPUSD,2025-12-31 08:30:00+00:00,2025-12-31 09:05:00+00:00,short,1.34419,1.3432215,78.82506424181595,0.0007205082614808381,0.07634207471819306,7,trailing_stop,0.7539512515068054,529.8990113760841
USDJPY,2025-12-30 15:25:00+00:00,2025-12-31 10:30:00+00:00,long,156.499,156.6069,0.6768116098367815,0.0006894612745129412,0.07302797270138925,229,trailing_stop,0.8636298179626465,529.9720393487855
USDJPY,2025-12-26 17:30:00+00:00,2025-12-31 14:30:00+00:00,long,156.723,156.86535,0.6748013443287572,0.000908290423230753,0.09605797136519408,828,trailing_stop,0.7599467039108276,530.0680973201507
USDJPY,2025-12-31 10:10:00+00:00,2025-12-31 14:30:00+00:00,long,156.682,156.851,0.676443795159421,0.001078617837403219,0.11431900138194968,52,trailing_stop,0.8863051533699036,530.1824163215327
USDJPY,2025-12-31 10:15:00+00:00,2025-12-31 14:30:00+00:00,long,156.681,156.85065,0.6764394776076084,0.0010827732781893788,0.11475795737612404,51,trailing_stop,0.6725614666938782,530.2971742789089
USDJPY,2025-12-26 16:25:00+00:00,2025-12-31 14:45:00+00:00,long,156.647,156.83875,0.6751287546772612,0.0012240898325535324,0.12945593870937375,844,trailing_stop,0.7402681112289429,530.4266302176183
USDJPY,2025-12-26 16:50:00+00:00,2025-12-31 14:45:00+00:00,long,156.648,156.8391,0.6751287546772612,0.0012199325877126157,0.12901710501882854,839,trailing_stop,0.6649950742721558,530.5556473226371
USDJPY,2025-12-31 13:30:00+00:00,2025-12-31 15:15:00+00:00,long,156.791,156.9197,0.6760623532660452,0.0008208379307486345,0.08700922486534621,21,trailing_stop,0.7359834313392639,530.6426565475025
