pair,entry_date,entry_price,exit_date,exit_price,direction,hours_held,profit_pct,profit_dollars,exit_reason,ladder_hits,capital_after,confidence
USDJPY,2025-10-07 09:00:00+00:00,150.8160801,2025-10-07 18:00:00+00:00,151.58716499999997,long,11,0.004667649946167684,0.4668333409552013,target,1,500.4668333409552,0.7730674743652344
USDJPY,2025-10-07 12:00:00+00:00,150.9210906,2025-10-07 18:00:00+00:00,151.70675999999997,long,8,0.004723497439131124,0.47242515421776204,target,1,500.93925849517296,0.7165453433990479
USDJPY,2025-10-07 18:00:00+00:00,151.5401525,2025-10-07 18:00:00+00:00,151.5401525,long,2,0.0,0.0,trailing_stop,0,500.93925849517296,0.8244132995605469
USDJPY,2025-10-07 15:00:00+00:00,151.1991184,2025-10-07 20:00:00+00:00,151.96202999999997,long,7,0.004627444636211451,0.4628091054518384,target,1,501.4020676006248,0.815368115901947
USDJPY,2025-10-07 16:00:00+00:00,151.1981183,2025-10-07 20:00:00+00:00,151.96202999999997,long,6,0.004631433361429469,0.4632110978462054,target,1,501.865278698471,0.6809500455856323
USDJPY,2025-10-07 17:00:00+00:00,151.3501335,2025-10-07 22:00:00+00:00,151.739396725,long,7,0.003143163059053427,0.3143581237031683,trailing_stop,1,502.1796368221742,0.7421010732650757
USDJPY,2025-10-08 00:00:00+00:00,152.085207,2025-10-08 03:00:00+00:00,152.44582244999998,long,5,0.002371140869736155,0.2381887763479392,trailing_stop,0,502.41782559852214,0.7320806980133057
AUDUSD,2025-10-08 00:00:00+00:00,0.6579042030000001,2025-10-08 03:00:00+00:00,0.65658197105,short,5,0.0020097636463952337,0.201816954027443,trailing_stop,0,502.6196425525496,0.8515297174453735
USDCHF,2025-10-08 02:00:00+00:00,0.80018001,2025-10-08 08:00:00+00:00,0.8010965035000001,long,8,0.001145359154873169,0.11505534047794742,trailing_stop,0,502.73469789302754,0.7814619541168213
EURJPY,2025-10-08 00:00:00+00:00,177.22472069999998,2025-10-08 11:00:00+00:00,177.62855224499998,long,13,0.002278641170401928,0.22889970044408195,trailing_stop,0,502.9635975934716,0.6786718368530273
USDJPY,2025-10-08 02:00:00+00:00,152.6272612,2025-10-08 11:00:00+00:00,152.86499142,long,11,0.0015575868827816136,0.15646152858543302,trailing_stop,0,503.12005912205706,0.8394148349761963
EURJPY,2025-10-08 01:00:00+00:00,177.4347417,2025-10-08 12:00:00+00:00,177.639009595,long,13,0.001151228294092392,0.11564797696214481,trailing_stop,0,503.2357070990192,0.8257461190223694
EURJPY,2025-10-08 02:00:00+00:00,177.4567439,2025-10-08 12:00:00+00:00,177.646710365,long,12,0.0010704944812187423,0.10753594823934878,trailing_stop,0,503.3432430472585,0.7082597613334656
EURUSD,2025-10-08 02:00:00+00:00,1.1624737410000001,2025-10-08 18:00:00+00:00,1.1610738093500002,short,18,0.001204269482075091,0.12093254564065997,trailing_stop,0,503.46417559289915,0.7689061164855957
GBPUSD,2025-10-07 12:00:00+00:00,1.3398959970000002,2025-10-08 19:00:00+00:00,1.3398959970000002,short,33,0.0,0.0,trailing_stop,0,503.46417559289915,0.7931090593338013
USDJPY,2025-10-08 09:00:00+00:00,152.7662751,2025-10-09 08:00:00+00:00,153.057946285,long,25,0.0019092642326265154,0.1919974140889492,trailing_stop,0,503.6561730069881,0.856734573841095
GBPUSD,2025-10-08 02:00:00+00:00,1.339536033,2025-10-09 09:00:00+00:00,1.33616511155,short,33,0.0025164843400669857,0.2527069594872218,trailing_stop,0,503.90887996647535,0.7336127161979675
EURUSD,2025-10-09 15:00:00+00:00,1.157894199,2025-10-09 15:00:00+00:00,1.157894199,short,2,0.0,0.0,trailing_stop,0,503.90887996647535,0.8262752890586853
GBPUSD,2025-10-09 15:00:00+00:00,1.333026684,2025-10-09 15:00:00+00:00,1.333026684,short,2,0.0,0.0,trailing_stop,0,503.90887996647535,0.9151496887207031
USDCHF,2025-10-09 15:00:00+00:00,0.8046804599999999,2025-10-09 15:00:00+00:00,0.8046804599999999,long,2,0.0,0.0,trailing_stop,0,503.90887996647535,0.7187564969062805
AUDUSD,2025-10-08 02:00:00+00:00,0.6562943640000001,2025-10-09 17:00:00+00:00,0.6553035274,short,41,0.001509744185461419,0.15160122600678463,trailing_stop,0,504.06048119248214,0.7554808259010315
GBPUSD,2025-10-09 07:00:00+00:00,1.336226364,2025-10-09 17:00:00+00:00,1.329121,short,12,0.004790491158427731,0.48229824527308895,target,1,504.54277943775526,0.7611831426620483
GBPUSD,2025-10-09 08:00:00+00:00,1.335056481,2025-10-09 18:00:00+00:00,1.3283051000000001,short,12,0.004634200168794182,0.4665561359859379,target,1,505.00933557374117,0.8296350836753845
USDCHF,2025-10-09 08:00:00+00:00,0.803510343,2025-10-09 18:00:00+00:00,0.8074973999999999,long,12,0.004577228881794173,0.46097466801057785,target,1,505.47031024175175,0.7321029305458069
AUDUSD,2025-10-08 09:00:00+00:00,0.655964397,2025-10-09 19:00:00+00:00,0.65473303895,short,36,0.0018771720776790334,0.18871352668614003,trailing_stop,0,505.65902376843786,0.80727618932724
GBPUSD,2025-10-09 17:00:00+00:00,1.329177069,2025-10-10 12:00:00+00:00,1.32730047415,short,21,0.0014118471449494387,0.1422646019278339,trailing_stop,0,505.8012883703657,0.9492194056510925
NZDUSD,2025-10-10 15:00:00+00:00,0.573812613,2025-10-10 15:00:00+00:00,0.573812613,short,2,0.0,0.0,trailing_stop,0,505.8012883703657,0.6909692287445068
AUDUSD,2025-10-10 15:00:00+00:00,0.653704623,2025-10-10 16:00:00+00:00,0.6505111,short,3,0.00577705382144742,0.5842872519570491,target,2,506.38557562232273,0.8783938884735107
AUDUSD,2025-10-09 19:00:00+00:00,0.6542445689999999,2025-10-10 17:00:00+00:00,0.65073,short,24,0.005874389965627644,0.5937611840081829,target,2,506.97933680633093,0.7630043625831604
NZDUSD,2025-10-08 06:00:00+00:00,0.573922602,2025-10-10 18:00:00+00:00,0.5725234107,short,62,0.002437944236947809,0.2450173438092963,trailing_stop,0,507.22435415014024,0.7085497379302979
NZDUSD,2025-10-10 17:00:00+00:00,0.5720727870000001,2025-10-14 06:00:00+00:00,0.56914,short,39,0.00467595858427026,0.47346231107032816,target,1,507.69781646121055,0.7579828500747681
NZDUSD,2025-10-13 12:00:00+00:00,0.5719428,2025-10-14 07:00:00+00:00,0.5687619,short,21,0.004936942085816901,0.5007248458605755,target,1,508.19854130707114,0.7869458198547363
NZDUSD,2025-10-14 00:00:00+00:00,0.57154284,2025-10-14 07:00:00+00:00,0.56873205,short,9,0.004550739440634006,0.4615384138196222,target,1,508.66007972089074,0.7567057013511658
NZDUSD,2025-10-14 04:00:00+00:00,0.570982896,2025-10-14 08:00:00+00:00,0.5696290136,short,6,0.0030226861184297254,0.3065731271609698,trailing_stop,1,508.9666528480517,0.7542893886566162
GBPUSD,2025-10-10 10:00:00+00:00,1.328907096,2025-10-14 09:00:00+00:00,1.3266534836,short,49,0.0016958389392181443,0.17147836071574737,trailing_stop,0,509.13813120876745,0.6630014181137085
GBPUSD,2025-10-09 19:00:00+00:00,1.327927194,2025-10-14 13:00:00+00:00,1.327927194,short,68,0.0,0.0,trailing_stop,0,509.13813120876745,0.8984780311584473
EURUSD,2025-10-15 07:00:00+00:00,1.163606349,2025-10-16 03:00:00+00:00,1.1661112221499998,long,22,0.0021526808891620445,0.21923749540251639,trailing_stop,0,509.35736870416997,0.7078473567962646
EURUSD,2025-10-15 08:00:00+00:00,1.163776366,2025-10-16 03:00:00+00:00,1.1661707281,long,21,0.0020574073936813317,0.20953626652762952,trailing_stop,0,509.5669049706976,0.6895203590393066
EURUSD,2025-10-15 17:00:00+00:00,1.1641764060000002,2025-10-16 03:00:00+00:00,1.1663107421,long,12,0.0018333442328841625,0.18671338373288043,trailing_stop,0,509.75361835443044,0.7096089124679565
EURUSD,2025-10-16 01:00:00+00:00,1.166526641,2025-10-16 21:00:00+00:00,1.16835532435,long,22,0.0015676310216391212,0.15965642763420507,trailing_stop,0,509.91327478206466,0.9041667580604553
EURUSD,2025-10-16 02:00:00+00:00,1.167206709,2025-10-17 02:00:00+00:00,1.1697178481500001,long,26,0.0021514091125740087,0.2191079320039474,trailing_stop,0,510.1323827140686,0.676103949546814
EURUSD,2025-10-16 15:00:00+00:00,1.167896778,2025-10-17 02:00:00+00:00,1.1698553723,long,13,0.0016770268887581477,0.17100145264035857,trailing_stop,0,510.303384166709,0.854569137096405
EURUSD,2025-10-16 17:00:00+00:00,1.1679067790000002,2025-10-17 02:00:00+00:00,1.1698588726499999,long,11,0.0016714464588270949,0.17043389222564825,trailing_stop,0,510.4738180589347,0.8651403188705444
EURUSD,2025-10-17 00:00:00+00:00,1.170127001,2025-10-17 07:00:00+00:00,1.17172145035,long,9,0.0013626293117220112,0.13898914276747465,trailing_stop,0,510.61280720170214,0.7462911605834961
USDJPY,2025-10-21 06:00:00+00:00,151.5431528,2025-10-21 13:00:00+00:00,151.84140348,long,9,0.0027808544608819647,0.2840351240647523,trailing_stop,1,510.8968423257669,0.8087131977081299
USDJPY,2025-10-21 09:00:00+00:00,151.635162,2025-10-21 13:00:00+00:00,151.98215670000002,long,6,0.002288352486476787,0.23372811894984274,trailing_stop,0,511.13057044471674,0.7973350286483765
USDJPY,2025-10-21 10:00:00+00:00,151.82118060000002,2025-10-21 13:00:00+00:00,151.82118060000002,long,5,0.0,0.0,trailing_stop,0,511.13057044471674,0.8302028775215149
GBPUSD,2025-10-21 06:00:00+00:00,1.3373462520000001,2025-10-22 10:00:00+00:00,1.3307329,short,30,0.0045670784167270466,0.4663411591803983,target,1,511.5969116038971,0.8026210069656372
EURJPY,2025-10-21 10:00:00+00:00,176.43064130000002,2025-10-23 05:00:00+00:00,176.695424455,long,45,0.001500777603306116,0.153292482382649,trailing_stop,0,511.7502040862798,0.7039910554885864
USDJPY,2025-10-21 13:00:00+00:00,152.0522037,2025-10-23 05:00:00+00:00,152.388771295,long,42,0.002213500276944629,0.22608430617527173,trailing_stop,0,511.97628839245505,0.6575661301612854
EURJPY,2025-10-21 11:00:00+00:00,176.53365159999998,2025-10-23 12:00:00+00:00,176.86082806,long,51,0.001853337632993278,0.1892929473581298,trailing_stop,0,512.1655813398132,0.7625671625137329
USDJPY,2025-10-23 02:00:00+00:00,152.44224269999998,2025-10-23 12:00:00+00:00,152.66568494499998,long,12,0.0014657501821179985,0.1499985073466938,trailing_stop,0,512.3155798471599,0.7622969150543213
EURJPY,2025-10-23 02:00:00+00:00,176.80267849999998,2025-10-23 17:00:00+00:00,177.21238747499999,long,17,0.0023173233486957663,0.23714556016880167,trailing_stop,0,512.5527254073287,0.8547863960266113
EURJPY,2025-10-23 03:00:00+00:00,176.837682,2025-10-23 17:00:00+00:00,177.22463869999999,long,16,0.002188202738373288,0.22393313950095917,trailing_stop,0,512.7766585468297,0.829301118850708
EURJPY,2025-10-23 07:00:00+00:00,177.0096992,2025-10-23 17:00:00+00:00,177.28484472,long,12,0.0015544092851607718,0.15918904984394974,trailing_stop,0,512.9358475966736,0.6594086289405823
USDCAD,2025-10-22 03:00:00+00:00,1.400229963,2025-10-24 01:00:00+00:00,1.39912498705,short,48,0.0007891389123201617,0.08065620182382498,trailing_stop,0,513.0165037984974,0.6873915195465088
USDJPY,2025-10-23 07:00:00+00:00,152.6662651,2025-10-24 07:00:00+00:00,152.920242785,long,26,0.0016636136662780995,0.17037211336360747,trailing_stop,0,513.186875911861,0.7422963976860046
USDJPY,2025-10-23 09:00:00+00:00,152.63126160000002,2025-10-24 07:00:00+00:00,152.90799156,long,24,0.0018130621282893401,0.18567604506652144,trailing_stop,0,513.3725519569275,0.7469286918640137
EURJPY,2025-10-23 14:00:00+00:00,177.2557238,2025-10-24 08:00:00+00:00,177.54125333,long,20,0.0016108339063970521,0.16508340064149551,trailing_stop,0,513.537635357569,0.8975404500961304
GBPUSD,2025-10-22 07:00:00+00:00,1.333286658,2025-10-24 10:00:00+00:00,1.3320863303,short,53,0.0009002772905570577,0.09201850526766855,trailing_stop,0,513.6296538628367,0.8028616309165955
EURJPY,2025-10-23 16:00:00+00:00,177.3697352,2025-10-24 15:00:00+00:00,177.60715732,long,25,0.0013385717677949765,0.1371772313931852,trailing_stop,0,513.7668310942298,0.7607617378234863
GBPUSD,2025-10-22 08:00:00+00:00,1.331996787,2025-10-24 17:00:00+00:00,1.32994487545,short,59,0.0015404778525189879,0.15744949761731505,trailing_stop,0,513.9242805918472,0.8510193824768066
GBPUSD,2025-10-22 10:00:00+00:00,1.331676819,2025-10-24 18:00:00+00:00,1.3303528866499998,short,58,0.0009941844230601244,0.10161534320187754,trailing_stop,0,514.025895935049,0.6562727093696594
EURJPY,2025-10-08 10:00:00+00:00,177.65676390000002,2025-10-27 00:00:00+00:00,177.968267365,long,304,0.0017534005357393938,0.17633157722987858,trailing_stop,0,514.2022275122789,0.7101166248321533
USDJPY,2025-10-23 11:00:00+00:00,152.7962781,2025-10-27 00:00:00+00:00,153.03919733499998,long,39,0.0015898242942868385,0.16281633848405258,trailing_stop,0,514.365043850763,0.7698031663894653
EURJPY,2025-10-24 02:00:00+00:00,177.53975219999998,2025-10-27 00:00:00+00:00,177.92731326999998,long,24,0.0021829537621716015,0.22401832609212727,trailing_stop,0,514.5890621768551,0.7304618954658508
USDJPY,2025-10-24 03:00:00+00:00,152.9142899,2025-10-27 06:00:00+00:00,152.9142899,long,29,0.0,0.0,trailing_stop,0,514.5890621768551,0.810588538646698
USDJPY,2025-10-24 05:00:00+00:00,152.9162901,2025-10-27 06:00:00+00:00,152.9162901,long,27,0.0,0.0,trailing_stop,0,514.5890621768551,0.7922743558883667
USDCAD,2025-10-22 04:00:00+00:00,1.4002199640000002,2025-10-27 12:00:00+00:00,1.3982114874,short,82,0.0014344007739059358,0.14660599084355902,trailing_stop,0,514.7356681676987,0.6822030544281006
USDCAD,2025-10-22 05:00:00+00:00,1.399939992,2025-10-27 12:00:00+00:00,1.3983019972000001,short,81,0.0011700464372474476,0.11958965218643278,trailing_stop,0,514.8552578198851,0.7520262598991394
GBPUSD,2025-10-22 11:00:00+00:00,1.331046882,2025-10-28 15:00:00+00:00,1.3274414087,short,102,0.0032252500263173275,0.3299453254422629,trailing_stop,1,515.1852031453274,0.6606079339981079
GBPUSD,2025-10-24 12:00:00+00:00,1.330396947,2025-10-28 16:00:00+00:00,1.32808493145,short,54,0.0026427033323611704,0.2714327319139737,trailing_stop,1,515.4566358772413,0.6637988090515137
USDCAD,2025-10-22 16:00:00+00:00,1.397700216,2025-10-28 20:00:00+00:00,1.3950480756,short,102,0.001897503033654784,0.1941208134628444,trailing_stop,0,515.6507566907042,0.8003412485122681
USDCAD,2025-10-22 06:00:00+00:00,1.399640022,2025-10-29 07:00:00+00:00,1.3925224,short,123,0.004651193973360097,0.47539197651531584,target,1,516.1261486672195,0.6952748894691467
USDCAD,2025-10-28 15:00:00+00:00,1.395700416,2025-10-29 09:00:00+00:00,1.3939191456,short,20,0.0012762555485259519,0.13139670339832066,trailing_stop,0,516.2575453706178,0.7774001359939575
GBPUSD,2025-10-14 08:00:00+00:00,1.325447442,2025-10-29 11:00:00+00:00,1.3225241047,short,269,0.0029233285035831424,0.29733944525354555,trailing_stop,1,516.5548848158713,0.8345328569412231
GBPUSD,2025-10-28 14:00:00+00:00,1.3253774489999999,2025-10-29 11:00:00+00:00,1.32249960715,short,23,0.0029028025422514724,0.2988499391574717,trailing_stop,1,516.8537347550288,0.7941870093345642
GBPUSD,2025-10-29 06:00:00+00:00,1.3233076559999999,2025-10-29 11:00:00+00:00,1.3221521796,short,7,0.0008731729124069322,0.09003464647811245,trailing_stop,0,516.9437694015069,0.9518458843231201
GBPUSD,2025-10-29 08:00:00+00:00,1.322607726,2025-10-29 11:00:00+00:00,1.3219072041,short,5,0.0005296520549737273,0.05466385508512862,trailing_stop,0,516.998433256592,0.6794931888580322
GBPUSD,2025-10-10 11:00:00+00:00,1.325977389,2025-10-29 13:00:00+00:00,1.32194908615,short,316,0.00342279255291278,0.34608986491561805,trailing_stop,1,517.3445231215076,0.9324349164962769
GBPUSD,2025-10-29 07:00:00+00:00,1.322447742,2025-10-29 13:00:00+00:00,1.322447742,short,8,0.0,0.0,trailing_stop,0,517.3445231215076,0.8472357988357544
USDCAD,2025-10-29 14:00:00+00:00,1.3917908069999998,2025-10-29 17:00:00+00:00,1.38998328245,short,5,0.0012987041880926672,0.13435144483636247,trailing_stop,0,517.478874566344,0.6633115410804749
USDCAD,2025-10-08 13:00:00+00:00,1.393590627,2025-10-29 18:00:00+00:00,1.39053521945,short,367,0.0021924713691404583,0.22067364188831984,trailing_stop,0,517.6995482082323,0.6536694765090942
USDCAD,2025-10-28 16:00:00+00:00,1.393500636,2025-10-29 18:00:00+00:00,1.3905037225999999,short,28,0.002150636549835115,0.22155716830800495,trailing_stop,0,517.9211053765403,0.6923131346702576
USDCAD,2025-10-29 02:00:00+00:00,1.393310655,2025-10-29 18:00:00+00:00,1.39043722925,short,18,0.0020623008513489384,0.21265039572342068,trailing_stop,0,518.1337557722637,0.8188968896865845
USDCAD,2025-10-29 03:00:00+00:00,1.39316067,2025-10-29 18:00:00+00:00,1.3904627345,short,17,0.0019365573247198268,0.19968314655917258,trailing_stop,0,518.3334389188229,0.8993650674819946
USDCHF,2025-10-29 12:00:00+00:00,0.797419734,2025-10-29 19:00:00+00:00,0.8014070999999999,long,9,0.004600201146263533,0.475730788885931,target,1,518.8091697077089,0.7789650559425354
GBPUSD,2025-10-29 09:00:00+00:00,1.320657921,2025-10-29 21:00:00+00:00,1.31903427235,short,14,0.00233765444821805,0.2412643469602241,trailing_stop,1,519.050434054669,0.8731819987297058
USDJPY,2025-10-08 10:00:00+00:00,152.995298,2025-10-30 09:00:00+00:00,153.76801499999996,long,385,0.004630355874073875,0.4656390194304962,target,1,519.5160730740995,0.8244936466217041
USDJPY,2025-10-27 05:00:00+00:00,153.165315,2025-10-30 10:00:00+00:00,153.94388999999998,long,79,0.004649939863995929,0.4786407479911191,target,1,519.9947138220906,0.8172543048858643
NZDUSD,2025-10-30 12:00:00+00:00,0.574962498,2025-10-30 12:00:00+00:00,0.574962498,short,2,0.0,0.0,trailing_stop,0,519.9947138220906,0.7775160074234009
USDJPY,2025-10-30 09:00:00+00:00,153.7733758,2025-10-30 14:00:00+00:00,154.10593153,long,7,0.0028975811772482232,0.300847799685701,trailing_stop,1,520.2955616217763,0.7848480343818665
USDJPY,2025-10-30 10:00:00+00:00,153.8063791,2025-10-30 14:00:00+00:00,154.117482685,long,6,0.002813617745195377,0.2923902737812404,trailing_stop,1,520.5879518955576,0.7956333160400391
USDJPY,2025-10-30 11:00:00+00:00,153.98439689999998,2025-10-30 15:00:00+00:00,154.19863891499998,long,6,0.0013913228827926553,0.14472091775496065,trailing_stop,0,520.7326728133125,0.8957567811012268
NZDUSD,2025-10-30 13:00:00+00:00,0.5729227020000001,2025-10-31 09:00:00+00:00,0.5720694457,short,22,0.001489304398344656,0.15484897411630555,trailing_stop,0,520.8875217874289,0.9269457459449768
GBPUSD,2025-10-30 13:00:00+00:00,1.3135386329999998,2025-10-31 14:00:00+00:00,1.3111150215499998,short,27,0.0018451010035880914,0.19185622067329,trailing_stop,0,521.0793780081023,0.9313672780990601
USDCHF,2025-10-30 13:00:00+00:00,0.8030803000000001,2025-10-31 15:00:00+00:00,0.8040811050000001,long,28,0.0012462078823250843,0.12963340629386325,trailing_stop,0,521.2090114143962,0.8115244507789612
USDCHF,2025-10-31 12:00:00+00:00,0.803420334,2025-11-02 22:00:00+00:00,0.803420334,long,11,0.0,0.0,trailing_stop,0,521.2090114143962,0.6766267418861389
USDCHF,2025-10-09 17:00:00+00:00,0.8068306749999999,2025-11-03 15:00:00+00:00,0.80830573625,long,407,0.0018282166205444235,0.18428533306130995,trailing_stop,0,521.3932967474575,0.872333288192749
USDCHF,2025-10-09 18:00:00+00:00,0.806860678,2025-11-03 15:00:00+00:00,0.8083162373,long,406,0.001803978480656563,0.18206860741235015,trailing_stop,0,521.5753653548699,0.7143993377685547
USDCHF,2025-11-03 09:00:00+00:00,0.8065906509999999,2025-11-03 15:00:00+00:00,0.80822172785,long,8,0.0020221866543802523,0.210835760262251,trailing_stop,0,521.7862011151321,0.7325621843338013
USDCHF,2025-11-03 10:00:00+00:00,0.807360728,2025-11-03 15:00:00+00:00,0.807360728,long,7,0.0,0.0,trailing_stop,0,521.7862011151321,0.8042532205581665
AUDUSD,2025-10-31 07:00:00+00:00,0.6535946340000001,2025-11-03 16:00:00+00:00,0.6535946340000001,short,34,0.0,0.0,trailing_stop,0,521.7862011151321,0.7350903153419495
NZDUSD,2025-10-31 13:00:00+00:00,0.5714328510000001,2025-11-03 16:00:00+00:00,0.57005299785,short,28,0.0024147249280215247,0.251495254464514,trailing_stop,0,522.0376963695967,0.6796139478683472
NZDUSD,2025-11-03 02:00:00+00:00,0.5713628580000001,2025-11-03 16:00:00+00:00,0.5700285003000001,short,16,0.0023353945418692415,0.24339583456645653,trailing_stop,0,522.2810922041632,0.7562441229820251
NZDUSD,2025-11-03 14:00:00+00:00,0.570772917,2025-11-03 16:00:00+00:00,0.570772917,short,4,0.0,0.0,trailing_stop,0,522.2810922041632,0.8511595726013184
NZDUSD,2025-10-31 07:00:00+00:00,0.571792815,2025-11-03 17:00:00+00:00,0.5707314852500001,short,35,0.0027136863445896406,0.2825482980147891,trailing_stop,1,522.563640502178,0.9050880074501038
USDCHF,2025-10-09 19:00:00+00:00,0.80758075,2025-11-04 02:00:00+00:00,0.8090297625,long,416,0.0017942632981284767,0.18141649070398808,trailing_stop,0,522.745056992882,0.8057562112808228
USDJPY,2025-10-30 12:00:00+00:00,154.1414126,2025-11-04 02:00:00+00:00,154.1414126,long,63,0.0,0.0,trailing_stop,0,522.745056992882,0.9243916869163513
USDCHF,2025-11-03 11:00:00+00:00,0.807760768,2025-11-04 02:00:00+00:00,0.8090927688,long,17,0.0016490040774053366,0.17192511829108223,trailing_stop,0,522.9169821111731,0.6742754578590393
NZDUSD,2025-11-04 05:00:00+00:00,0.568683126,2025-11-04 07:00:00+00:00,0.568683126,short,4,0.0,0.0,trailing_stop,0,522.9169821111731,0.7934552431106567
GBPUSD,2025-11-04 09:00:00+00:00,1.308979089,2025-11-04 09:00:00+00:00,1.308979089,short,2,0.0,0.0,trailing_stop,0,522.9169821111731,0.6672331094741821
NZDUSD,2025-11-04 09:00:00+00:00,0.5674532489999999,2025-11-04 09:00:00+00:00,0.5674532489999999,short,2,0.0,0.0,trailing_stop,0,522.9169821111731,0.701346218585968
AUDUSD,2025-11-04 06:00:00+00:00,0.6510748860000001,2025-11-04 11:00:00+00:00,0.6498952101,short,7,0.0018118897309151024,0.1894600843063761,trailing_stop,0,523.1064421954794,0.8198797702789307
NZDUSD,2025-11-04 06:00:00+00:00,0.5679432,2025-11-04 11:00:00+00:00,0.5667321200000001,short,7,0.002132396338225231,0.22297524776253705,trailing_stop,0,523.3294174432419,0.9258714914321899
NZDUSD,2025-10-14 10:00:00+00:00,0.568453149,2025-11-04 14:00:00+00:00,0.5656376,short,365,0.00457180058369246,0.465431739438811,target,1,523.7948491826808,0.8273914456367493
GBPUSD,2025-11-04 10:00:00+00:00,1.306079379,2025-11-04 16:00:00+00:00,1.30483178265,short,8,0.0009552224543620532,0.09988430107172819,trailing_stop,0,523.8947334837525,0.9220472574234009
GBPUSD,2025-11-04 11:00:00+00:00,1.3070592810000001,2025-11-04 16:00:00+00:00,1.30517474835,short,7,0.001441811153782017,0.1507652016841243,trailing_stop,0,524.0454986854367,0.6783267855644226
GBPUSD,2025-10-31 13:00:00+00:00,1.310438943,2025-11-04 17:00:00+00:00,1.30391765,short,53,0.004585851283572563,0.4776619656247462,target,1,524.5231606510614,0.8887291550636292
NZDUSD,2025-11-04 10:00:00+00:00,0.5660333909999999,2025-11-04 22:00:00+00:00,0.56525118685,short,14,0.0024291427634169013,0.2539911884488795,trailing_stop,1,524.7771518395103,0.7942228317260742
GBPUSD,2025-11-04 12:00:00+00:00,1.305659421,2025-11-04 22:00:00+00:00,1.30270229735,short,12,0.0022648506972325635,0.23701618811544783,trailing_stop,0,525.0141680276258,0.865059494972229
NZDUSD,2025-11-04 12:00:00+00:00,0.566003394,2025-11-04 22:00:00+00:00,0.5652406879,short,12,0.002408517519242955,0.25203769014367916,trailing_stop,1,525.2662057177695,0.8253453373908997
GBPUSD,2025-11-04 14:00:00+00:00,1.305539433,2025-11-04 22:00:00+00:00,1.30266030155,short,10,0.0022053194083798094,0.23078094679324135,trailing_stop,0,525.4969866645628,0.6626898646354675
NZDUSD,2025-11-04 18:00:00+00:00,0.565493445,2025-11-04 22:00:00+00:00,0.565493445,short,6,0.0,0.0,trailing_stop,0,525.4969866645628,0.6863123774528503
NZDUSD,2025-11-04 20:00:00+00:00,0.56484351,2025-11-04 22:00:00+00:00,0.56484351,short,4,0.0,0.0,trailing_stop,0,525.4969866645628,0.7298007011413574
AUDUSD,2025-11-04 10:00:00+00:00,0.6493450590000001,2025-11-05 03:00:00+00:00,0.64767777065,short,19,0.003140587698535247,0.32837497432992274,trailing_stop,1,525.8253616388927,0.9332159161567688
AUDUSD,2025-11-04 14:00:00+00:00,0.649115082,2025-11-05 03:00:00+00:00,0.6475972787000001,short,15,0.0030029592059301006,0.31424206343200156,trailing_stop,1,526.1396037023246,0.7897834777832031
USDCHF,2025-11-04 12:00:00+00:00,0.809690961,2025-11-05 12:00:00+00:00,0.8104638363500001,long,26,0.0009545312807314829,0.09992549019733676,trailing_stop,0,526.239529192522,0.7522295117378235
NZDUSD,2025-11-07 03:00:00+00:00,0.56224377,2025-11-07 08:00:00+00:00,0.5612403195,short,7,0.0017847249779220464,0.1878064226937552,trailing_stop,0,526.4273356152157,0.828387975692749
NZDUSD,2025-11-07 04:00:00+00:00,0.561863808,2025-11-07 08:00:00+00:00,0.561863808,short,6,0.0,0.0,trailing_stop,0,526.4273356152157,0.7920390963554382
EURUSD,2025-11-06 19:00:00+00:00,1.154905479,2025-11-07 16:00:00+00:00,1.15758641765,long,23,0.0023213489750878256,0.24435424609562698,trailing_stop,0,526.6716898613114,0.6922572255134583
USDCHF,2025-11-06 19:00:00+00:00,0.806579334,2025-11-07 16:00:00+00:00,0.8048572669,short,23,0.0028810150427186635,0.3031679279884184,trailing_stop,1,526.9748577892998,0.6767453551292419
EURUSD,2025-11-07 11:00:00+00:00,1.155205509,2025-11-07 16:00:00+00:00,1.15769142815,long,7,0.0021519280601006554,0.22660706401546676,trailing_stop,0,527.2014648533152,0.6795186400413513
EURUSD,2025-11-07 12:00:00+00:00,1.156005589,2025-11-07 17:00:00+00:00,1.15739945615,long,7,0.0012057616012097028,0.12696955753942257,trailing_stop,0,527.3284344108546,0.6909705996513367
EURJPY,2025-11-07 14:00:00+00:00,177.43574180000002,2025-11-10 08:00:00+00:00,178.30910999999998,long,20,0.004553299682938938,0.4794874650794405,target,1,527.807921875934,0.695015549659729
USDCAD,2025-11-07 19:00:00+00:00,1.4044895370000001,2025-11-10 09:00:00+00:00,1.40170133795,short,16,0.001985204571872899,0.20933661368277798,trailing_stop,0,528.0172584896168,0.7754204273223877
USDCAD,2025-11-07 18:00:00+00:00,1.4052794579999999,2025-11-10 10:00:00+00:00,1.4019778102999998,short,18,0.002349459875190232,0.2477485183375652,trailing_stop,0,528.2650070079543,0.7091825008392334
USDCAD,2025-11-07 20:00:00+00:00,1.403799606,2025-11-10 10:00:00+00:00,1.4019343621,short,16,0.0013287109442314375,0.14011141516237463,trailing_stop,0,528.4051184231166,0.7373154163360596
EURJPY,2025-11-10 01:00:00+00:00,177.797778,2025-11-10 10:00:00+00:00,178.2158723,long,11,0.0023515158890231296,0.24803741003195728,trailing_stop,0,528.6531558331486,0.8185615539550781
EURJPY,2025-11-10 02:00:00+00:00,177.83678189999998,2025-11-10 10:00:00+00:00,178.229523665,long,10,0.0022084394510740466,0.23295752633822805,trailing_stop,0,528.8861133594869,0.8194788694381714
EURJPY,2025-11-10 03:00:00+00:00,177.9047887,2025-11-10 10:00:00+00:00,178.252026045,long,9,0.001951815617428607,0.20589099338033034,trailing_stop,0,529.0920043528672,0.7731440663337708
EURJPY,2025-11-10 05:00:00+00:00,177.93279149999998,2025-11-10 10:00:00+00:00,178.261827025,long,7,0.0018492124033248993,0.19506221207610466,trailing_stop,0,529.2870665649433,0.6653770208358765
USDCHF,2025-11-11 08:00:00+00:00,0.803309661,2025-11-11 14:00:00+00:00,0.7992039000000001,short,8,0.004666633851923708,0.49391150161089725,target,1,529.7809780665542,0.6588689684867859
EURUSD,2025-11-07 15:00:00+00:00,1.157545743,2025-11-11 15:00:00+00:00,1.15943351005,long,50,0.0016308358105204775,0.17173383420492863,trailing_stop,0,529.9527119007591,0.7821410298347473
EURJPY,2025-11-10 08:00:00+00:00,178.2308213,2025-11-11 16:00:00+00:00,178.557237455,long,34,0.001831423726935404,0.19318685288083876,trailing_stop,0,530.1458987536399,0.7957781553268433
USDCHF,2025-11-11 11:00:00+00:00,0.8019397979999999,2025-11-11 18:00:00+00:00,0.8001654293,short,9,0.0029275575331902293,0.3098417712825658,trailing_stop,1,530.4557405249225,0.7882330417633057
USDJPY,2025-10-30 13:00:00+00:00,154.3194304,2025-11-12 06:00:00+00:00,154.62335064,long,210,0.0019694230286636995,0.20485167047785924,trailing_stop,0,530.6605921954003,0.9483544826507568
USDJPY,2025-10-30 15:00:00+00:00,154.3084293,2025-11-12 06:00:00+00:00,154.619500255,long,208,0.0020159038388967068,0.20991884185113618,trailing_stop,0,530.8705110372515,0.6983579993247986
USDJPY,2025-11-11 01:00:00+00:00,154.3374322,2025-11-12 06:00:00+00:00,154.62965127,long,31,0.0018933778140181848,0.200455914298769,trailing_stop,0,531.0709669515503,0.681855320930481
EURJPY,2025-10-30 12:00:00+00:00,178.78387659999999,2025-11-12 10:00:00+00:00,179.10570681,long,215,0.001800107571892765,0.18724266911503554,trailing_stop,0,531.2582096206653,0.8132683634757996
EURJPY,2025-11-10 09:00:00+00:00,178.447843,2025-11-12 15:00:00+00:00,179.34626999999998,long,56,0.004620805356554418,0.4878720604657089,target,1,531.746081681131,0.7601868510246277
EURJPY,2025-11-11 10:00:00+00:00,178.52085029999998,2025-11-12 15:00:00+00:00,179.41159499999998,long,31,0.004593750136759233,0.48637745601818433,target,1,532.2324591371492,0.6535971164703369
EURJPY,2025-11-11 15:00:00+00:00,178.6788661,2025-11-12 17:00:00+00:00,179.174253135,long,28,0.0032634995928038065,0.34584580922582425,trailing_stop,1,532.578304946375,0.6985833048820496
USDCHF,2025-11-12 12:00:00+00:00,0.79862013,2025-11-12 18:00:00+00:00,0.7974500455,short,8,0.0014651327408939736,0.15563380901201576,trailing_stop,0,532.733938755387,0.828238308429718
USDCHF,2025-11-12 13:00:00+00:00,0.798730119,2025-11-12 18:00:00+00:00,0.7974885416499999,short,7,0.0015544391283936023,0.16513072302889334,trailing_stop,0,532.899069478416,0.7305177450180054
USDCHF,2025-11-12 10:00:00+00:00,0.7991100809999999,2025-11-12 19:00:00+00:00,0.79762152835,short,11,0.0018627629476744385,0.19781970251582745,trailing_stop,0,533.0968891809318,0.654467761516571
USDCAD,2025-11-10 03:00:00+00:00,1.4027097149999999,2025-11-12 20:00:00+00:00,1.40036340025,short,67,0.0016727015753218767,0.17638114896397483,trailing_stop,0,533.2732703298958,0.7185787558555603
EURJPY,2025-11-12 05:00:00+00:00,179.09790800000002,2025-11-12 23:00:00+00:00,179.3001178,long,20,0.0011290461304550325,0.11980314431594151,trailing_stop,0,533.3930734742117,0.656451940536499
USDCHF,2025-11-13 08:00:00+00:00,0.7962403680000001,2025-11-13 08:00:00+00:00,0.7962403680000001,short,2,0.0,0.0,trailing_stop,0,533.3930734742117,0.8903157711029053
USDCHF,2025-11-12 14:00:00+00:00,0.798280164,2025-11-13 09:00:00+00:00,0.7944478,short,21,0.004480465410136367,0.4759555457390036,target,1,533.8690290199507,0.7446656823158264
EURJPY,2025-11-12 16:00:00+00:00,179.4339416,2025-11-13 09:00:00+00:00,179.4339416,long,19,0.0,0.0,trailing_stop,0,533.8690290199507,0.6975566148757935
EURUSD,2025-11-11 14:00:00+00:00,1.1603160199999998,2025-11-13 10:00:00+00:00,1.1623271069999999,long,46,0.0017332235057825698,0.18350872146141428,trailing_stop,0,534.0525377414122,0.8977912068367004
EURUSD,2025-11-13 08:00:00+00:00,1.161346123,2025-11-13 18:00:00+00:00,1.16406564305,long,12,0.002341696412586285,0.2498511230838893,trailing_stop,0,534.302388864496,0.8329688906669617
EURUSD,2025-11-13 09:00:00+00:00,1.163026291,2025-11-13 19:00:00+00:00,1.1643872018499999,long,12,0.0011701462473644947,0.1248517261495067,trailing_stop,0,534.4272405906455,0.8083703517913818
USDCHF,2025-11-13 09:00:00+00:00,0.794270565,2025-11-13 19:00:00+00:00,0.79209269775,short,12,0.0032451828980972148,0.3461395667605388,trailing_stop,1,534.773380157406,0.9295720458030701
EURUSD,2025-11-13 15:00:00+00:00,1.162986287,2025-11-13 19:00:00+00:00,1.16437320045,long,6,0.0011925449728023931,0.1273956446195306,trailing_stop,0,534.9007758020256,0.7589405179023743
USDCHF,2025-11-13 16:00:00+00:00,0.7925807340000001,2025-11-13 19:00:00+00:00,0.7915012569,short,5,0.0013619774663865532,0.14544427799500503,trailing_stop,0,535.0462200800206,0.8020614385604858
USDCHF,2025-11-13 17:00:00+00:00,0.791540838,2025-11-14 14:00:00+00:00,0.791540838,short,23,0.0016,0.17086245527744912,trailing_stop,1,535.217082535298,0.833877444267273
USDJPY,2025-11-12 05:00:00+00:00,154.76347479999998,2025-11-17 19:00:00+00:00,155.06346617999998,long,88,0.0019383861753406075,0.20567947062646602,trailing_stop,0,535.4227620059245,0.8248931169509888
USDJPY,2025-11-12 09:00:00+00:00,154.7834768,2025-11-17 19:00:00+00:00,155.07046688,long,84,0.0018541389942470243,0.19696575250853954,trailing_stop,0,535.619727758433,0.6747791767120361
USDJPY,2025-11-12 10:00:00+00:00,154.8684853,2025-11-17 19:00:00+00:00,155.100219855,long,83,0.0014963312552008457,0.15895469589132255,trailing_stop,0,535.7786824543243,0.7640693187713623
USDJPY,2025-11-12 11:00:00+00:00,154.8894874,2025-11-17 19:00:00+00:00,155.10757059,long,82,0.0014079921992174358,0.1496241719522124,trailing_stop,0,535.9283066262766,0.7402569651603699
AUDUSD,2025-11-17 19:00:00+00:00,0.649655028,2025-11-17 22:00:00+00:00,0.6493202598000001,short,5,0.0005153014839744931,0.055149022539793376,trailing_stop,0,535.9834556488164,0.8936465382575989
USDJPY,2025-11-17 15:00:00+00:00,155.06050449999998,2025-11-18 02:00:00+00:00,155.25322657499999,long,13,0.001242883064397653,0.13306347780083608,trailing_stop,0,536.1165191266173,0.7582499980926514
AUDUSD,2025-11-17 20:00:00+00:00,0.648225171,2025-11-18 05:00:00+00:00,0.648225171,short,11,0.0,0.0,trailing_stop,0,536.1165191266173,0.9108290672302246
EURJPY,2025-11-13 17:00:00+00:00,179.88598679999998,2025-11-18 20:00:00+00:00,180.11284538,long,77,0.0012611242489513736,0.1347222813079512,trailing_stop,0,536.2512414079252,0.8005231618881226
USDCAD,2025-11-11 14:00:00+00:00,1.400439942,2025-11-18 21:00:00+00:00,1.3987759797,short,129,0.0011881711240138988,0.12575875666005662,trailing_stop,0,536.3770001645853,0.6894668936729431
USDCAD,2025-11-11 15:00:00+00:00,1.4002199640000002,2025-11-18 21:00:00+00:00,1.3986989874,short,128,0.0010862411900307456,0.11507754398886495,trailing_stop,0,536.4920777085741,0.776220440864563
USDJPY,2025-11-18 11:00:00+00:00,155.44954339999998,2025-11-19 11:00:00+00:00,156.20312999999996,long,26,0.0045086734519156286,0.48350809244702714,target,1,536.9755858010211,0.8232438564300537
USDJPY,2025-11-18 12:00:00+00:00,155.44954339999998,2025-11-19 11:00:00+00:00,156.21921,long,25,0.00457073860687849,0.4901576241859976,target,1,537.4657434252072,0.8636083602905273
USDJPY,2025-11-18 18:00:00+00:00,155.71657009999998,2025-11-19 12:00:00+00:00,156.087999535,long,20,0.002385291653685161,0.25579921356700625,trailing_stop,0,537.7215426387742,0.7943121194839478
NZDUSD,2025-11-19 02:00:00+00:00,0.563713623,2025-11-19 12:00:00+00:00,0.56287926805,short,12,0.0014801042869245333,0.1587772491032796,trailing_stop,0,537.8803198878775,0.7200691103935242
EURJPY,2025-11-19 10:00:00+00:00,180.5310513,2025-11-19 13:00:00+00:00,180.815717955,long,5,0.0015768293207740003,0.1692260188098189,trailing_stop,0,538.0495459066873,0.8337852358818054
USDJPY,2025-11-19 14:00:00+00:00,156.3086293,2025-11-19 14:00:00+00:00,156.3086293,long,2,0.0,0.0,trailing_stop,0,538.0495459066873,0.7265709042549133
EURJPY,2025-11-18 18:00:00+00:00,180.25402359999998,2025-11-19 15:00:00+00:00,180.71875826,long,23,0.003146932436963382,0.3374844496760832,trailing_stop,1,538.3870303563634,0.6855173110961914
NZDUSD,2025-11-19 03:00:00+00:00,0.563353659,2025-11-19 16:00:00+00:00,0.5606924499999999,short,15,0.004434321521643059,0.475663667859917,target,1,538.8626940242233,0.6623710989952087
NZDUSD,2025-11-19 04:00:00+00:00,0.5630436900000001,2025-11-19 16:00:00+00:00,0.5602845000000001,short,14,0.004540294029402964,0.48705709184712376,target,1,539.3497511160704,0.68636554479599
NZDUSD,2025-11-19 09:00:00+00:00,0.562763718,2025-11-19 16:00:00+00:00,0.559986,short,9,0.004561510748992571,0.4893243783234078,target,1,539.8390754943938,0.8989731669425964
USDJPY,2025-11-19 11:00:00+00:00,156.2676252,2025-11-19 16:00:00+00:00,156.55776882,long,7,0.0018567097287660653,0.199250860542983,trailing_stop,0,540.0383263549368,0.9206181168556213
USDJPY,2025-11-19 13:00:00+00:00,156.27362580000002,2025-11-19 16:00:00+00:00,156.55986903000002,long,5,0.0018316797126492256,0.1970734268812839,trailing_stop,0,540.235399781818,0.8489946722984314
AUDUSD,2025-11-18 04:00:00+00:00,0.647745219,2025-11-19 17:00:00+00:00,0.64660432665,short,39,0.0017613288628534568,0.18881621145280122,trailing_stop,0,540.4242159932709,0.6523343324661255
USDJPY,2025-11-19 10:00:00+00:00,155.98159660000002,2025-11-19 17:00:00+00:00,156.74582999999998,long,9,0.004539706029396931,0.48718321080681404,target,1,540.9113992040777,0.8975219130516052
NZDUSD,2025-11-19 11:00:00+00:00,0.5625337410000001,2025-11-19 17:00:00+00:00,0.559588,short,8,0.004741935267488368,0.508697008254959,target,1,541.4200962123327,0.8167402744293213
NZDUSD,2025-11-19 14:00:00+00:00,0.562203774,2025-11-19 17:00:00+00:00,0.5593492,short,5,0.004646483284546573,0.4998954077380124,target,1,541.9199916200707,0.7506734728813171
NZDUSD,2025-11-07 07:00:00+00:00,0.5609239020000001,2025-11-19 18:00:00+00:00,0.5597188657,short,205,0.0021483062064274958,0.22604182475652898,trailing_stop,0,542.1460334448273,0.9120579361915588
NZDUSD,2025-11-07 08:00:00+00:00,0.5605339410000001,2025-11-19 19:00:00+00:00,0.5598878793500001,short,205,0.0011525825694826733,0.1212796270557412,trailing_stop,0,542.267313071883,0.9164470434188843
NZDUSD,2025-11-19 16:00:00+00:00,0.560523942,2025-11-19 19:00:00+00:00,0.5598843797,short,5,0.0011410079964076748,0.12283096615590895,trailing_stop,0,542.3901440380389,0.8195008039474487
GBPUSD,2025-11-19 16:00:00+00:00,1.307759211,2025-11-19 21:00:00+00:00,1.30564072385,short,7,0.0016199367071404699,0.17440113847866082,trailing_stop,0,542.5645451765175,0.7108317613601685
GBPUSD,2025-11-19 17:00:00+00:00,1.3072992570000002,2025-11-19 21:00:00+00:00,1.30547973995,short,6,0.001391813726090233,0.15035487077415774,trailing_stop,0,542.7149000472917,0.7181358337402344
EURJPY,2025-11-19 12:00:00+00:00,180.9030885,2025-11-19 23:00:00+00:00,181.142880975,long,13,0.0013255300226673664,0.1425114622034016,trailing_stop,0,542.8574115094951,0.8057411313056946
EURJPY,2025-11-19 13:00:00+00:00,180.9410923,2025-11-19 23:00:00+00:00,181.156182305,long,12,0.0011887294492693803,0.12790152031582058,trailing_stop,0,542.985313029811,0.7237310409545898
USDJPY,2025-11-19 15:00:00+00:00,156.6486633,2025-11-19 23:00:00+00:00,156.992082155,long,10,0.00219228717159428,0.23594897204583543,trailing_stop,0,543.2212620018569,0.8130417466163635
USDJPY,2025-11-19 17:00:00+00:00,156.6636648,2025-11-19 23:00:00+00:00,156.99733268,long,8,0.0021298357881897787,0.23015730406812515,trailing_stop,0,543.451419305925,0.7144936323165894
EURJPY,2025-11-19 11:00:00+00:00,180.79607779999998,2025-11-20 00:00:00+00:00,181.14572723,long,15,0.0019339436687714911,0.20754361901058122,trailing_stop,0,543.6589629249356,0.8434461355209351
EURJPY,2025-11-19 15:00:00+00:00,181.0181,2025-11-20 03:00:00+00:00,181.276735,long,14,0.001428779773956296,0.15377813124283105,trailing_stop,0,543.8127410561784,0.7432879209518433
USDJPY,2025-11-19 20:00:00+00:00,157.0567041,2025-11-20 03:00:00+00:00,157.325346435,long,9,0.00171047989666816,0.18557867794509447,trailing_stop,0,543.9983197341235,0.8129913210868835
USDJPY,2025-11-20 04:00:00+00:00,157.4407425,2025-11-20 08:00:00+00:00,157.4407425,long,6,0.0,0.0,trailing_stop,0,543.9983197341235,0.7727447152137756
EURJPY,2025-11-20 02:00:00+00:00,181.4401422,2025-11-20 16:00:00+00:00,181.79429977,long,16,0.0019519251126337155,0.2122692404231495,trailing_stop,0,544.2105889745466,0.7319079637527466
EURJPY,2025-11-20 06:00:00+00:00,181.4831465,2025-11-20 16:00:00+00:00,181.809351275,long,12,0.0017974383918895073,0.19559641718297285,trailing_stop,0,544.4061853917295,0.6577776074409485
AUDUSD,2025-11-19 16:00:00+00:00,0.6463753560000001,2025-11-20 19:00:00+00:00,0.6449808746,short,29,0.002894431837837665,0.311604823931862,trailing_stop,1,544.7177902156614,0.8728203177452087
AUDUSD,2025-10-14 10:00:00+00:00,0.644705523,2025-11-21 12:00:00+00:00,0.64357093305,short,675,0.001759857655197924,0.1791647561662471,trailing_stop,0,544.8969549718277,0.8634612560272217
AUDUSD,2025-11-20 17:00:00+00:00,0.644615532,2025-11-21 12:00:00+00:00,0.6435394362,short,21,0.0016693606445710182,0.1817269626807913,trailing_stop,0,545.0786819345085,0.8550695776939392
AUDUSD,2025-11-21 08:00:00+00:00,0.643495644,2025-11-21 13:00:00+00:00,0.643495644,short,7,0.0,0.0,trailing_stop,0,545.0786819345085,0.8075811862945557
EURUSD,2025-11-25 14:00:00+00:00,1.15601559,2025-11-25 16:00:00+00:00,1.15601559,long,4,0.0,0.0,trailing_stop,0,545.0786819345085,0.7971826791763306
EURUSD,2025-11-25 15:00:00+00:00,1.156925681,2025-11-26 08:00:00+00:00,1.15836498835,long,19,0.0012440793506770513,0.1356553789768293,trailing_stop,0,545.2143373134853,0.7669796347618103
USDCAD,2025-11-26 08:00:00+00:00,1.406719314,2025-11-26 22:00:00+00:00,1.4046722599,short,16,0.00145519726616901,0.15861339076393643,trailing_stop,0,545.3729507042492,0.6697351336479187
EURUSD,2025-11-25 18:00:00+00:00,1.158445833,2025-11-27 03:00:00+00:00,1.16028154155,long,35,0.0015846304572101964,0.1727803558588769,trailing_stop,0,545.5457310601081,0.8337706923484802
AUDUSD,2025-11-26 17:00:00+00:00,0.651655159,2025-11-27 03:00:00+00:00,0.6528738056500001,long,12,0.0018700790336258868,0.20395795303334388,trailing_stop,0,545.7496890131414,0.661580502986908
AUDUSD,2025-11-26 19:00:00+00:00,0.6520652,2025-11-27 06:00:00+00:00,0.65327732,long,13,0.0018588938652147648,0.20274426388036654,trailing_stop,0,545.9524332770218,0.7137744426727295
USDCAD,2025-11-26 16:00:00+00:00,1.405469439,2025-11-28 04:00:00+00:00,1.40364980365,short,38,0.0012946815487461906,0.14115263306572098,trailing_stop,0,546.0935859100875,0.8841050267219543
USDCAD,2025-11-26 18:00:00+00:00,1.4042395619999999,2025-11-28 15:00:00+00:00,1.3972387000000002,short,47,0.004591310965500224,0.5005675691374168,target,1,546.5941534792249,0.7580339312553406
USDCAD,2025-11-26 19:00:00+00:00,1.4036796180000002,2025-11-28 15:00:00+00:00,1.3968009000000001,short,46,0.0045402940294029664,0.49500191035488234,target,1,547.0891553895798,0.6960939764976501
USDCAD,2025-11-18 18:00:00+00:00,1.39766022,2025-11-28 16:00:00+00:00,1.39766022,short,192,0.0,0.0,trailing_stop,0,547.0891553895798,0.6879481077194214
USDCAD,2025-11-27 01:00:00+00:00,1.403599626,2025-11-28 16:00:00+00:00,1.3964626,short,41,0.004650881120710743,0.5072060902590325,target,1,547.5963614798388,0.7425200343132019
USDCAD,2025-11-27 02:00:00+00:00,1.403229663,2025-11-28 16:00:00+00:00,1.3964427,short,40,0.004502003789810198,0.4909666294496606,target,1,548.0873281092885,0.9189848899841309
USDCAD,2025-11-28 13:00:00+00:00,1.4016898169999998,2025-11-28 16:00:00+00:00,1.3948507,short,5,0.004527516594778713,0.4943872046379819,target,1,548.5817153139265,0.8553029894828796
USDCAD,2025-11-12 16:00:00+00:00,1.3994400420000002,2025-11-28 17:00:00+00:00,1.3958585147,short,291,0.002559257411901441,0.2723811614743469,trailing_stop,0,548.8540964754008,0.8108410239219666
USDCAD,2025-11-13 09:00:00+00:00,1.39876011,2025-11-28 17:00:00+00:00,1.3956205385,short,274,0.00224453891525402,0.2394066665394842,trailing_stop,0,549.0935031419402,0.6985704898834229
AUDUSD,2025-11-27 02:00:00+00:00,0.653285322,2025-11-28 17:00:00+00:00,0.6548938627,long,41,0.0024622330333024835,0.26862681443087405,trailing_stop,0,549.3621299563711,0.8503711819648743
AUDUSD,2025-11-27 05:00:00+00:00,0.653655359,2025-11-28 17:00:00+00:00,0.65502337565,long,38,0.002092871466842774,0.22847361680124956,trailing_stop,0,549.5906035731723,0.6913595199584961
USDCAD,2025-11-11 18:00:00+00:00,1.400019984,2025-11-28 18:00:00+00:00,1.3982649943999998,short,314,0.0023521276639149177,0.24935498022944882,trailing_stop,1,549.8399585534017,0.7808485627174377
AUDUSD,2025-11-27 01:00:00+00:00,0.652735267,2025-11-28 21:00:00+00:00,0.65433084345,long,46,0.0030666679102541094,0.3345597510655608,trailing_stop,1,550.1745183044673,0.6708634495735168
USDCHF,2025-11-26 18:00:00+00:00,0.8040495870000001,2025-12-01 10:00:00+00:00,0.8030163554499999,short,66,0.0012850346131701006,0.14009765103822508,trailing_stop,0,550.3146159555055,0.7328493595123291
EURUSD,2025-11-27 02:00:00+00:00,1.161126101,2025-12-01 14:00:00+00:00,1.16376763535,long,62,0.002274976290451952,0.24818615974332192,trailing_stop,0,550.5628021152488,0.6692796349525452
USDCHF,2025-11-27 02:00:00+00:00,0.8027697149999999,2025-12-01 14:00:00+00:00,0.80078090025,short,62,0.002477441180002538,0.270168572648412,trailing_stop,0,550.8329706878973,0.8408890962600708
EURUSD,2025-11-28 16:00:00+00:00,1.160946083,2025-12-01 14:00:00+00:00,1.16370462905,long,24,0.002376119003624668,0.26003594751584647,trailing_stop,0,551.0930066354131,0.7176678776741028
USDCHF,2025-11-28 16:00:00+00:00,0.802659726,2025-12-01 14:00:00+00:00,0.8007424041,short,24,0.002388710729956378,0.2613186230567556,trailing_stop,0,551.3543252584699,0.8029735684394836
USDCHF,2025-11-27 00:00:00+00:00,0.803289663,2025-12-01 15:00:00+00:00,0.80168438205,short,65,0.002799030205869842,0.30523834692339297,trailing_stop,1,551.6595636053933,0.830327033996582
AUDUSD,2025-11-28 16:00:00+00:00,0.655925586,2025-12-03 00:00:00+00:00,0.655925586,long,58,0.0,0.0,trailing_stop,0,551.6595636053933,0.7055939435958862
AUDUSD,2025-12-01 13:00:00+00:00,0.6565156449999999,2025-12-03 07:00:00+00:00,0.6577599757499999,long,44,0.0018953558220230484,0.20866104938153662,trailing_stop,0,551.8682246547748,0.8744186758995056
AUDUSD,2025-12-02 16:00:00+00:00,0.6571057039999999,2025-12-03 08:00:00+00:00,0.6580639964,long,18,0.0014583534949806432,0.16093371706609907,trailing_stop,0,552.0291583718409,0.8034059405326843
AUDUSD,2025-12-03 03:00:00+00:00,0.657705764,2025-12-03 13:00:00+00:00,0.6586705174,long,12,0.0014668465031120177,0.16187339435522585,trailing_stop,0,552.1910317661961,0.7112705707550049
EURUSD,2025-11-13 16:00:00+00:00,1.1641164,2025-12-03 14:00:00+00:00,1.1662962399999999,long,336,0.001872527523879857,0.20003936419516874,trailing_stop,0,552.3910711303913,0.843532383441925
AUDUSD,2025-12-03 00:00:00+00:00,0.6574957429999999,2025-12-03 14:00:00+00:00,0.65883101005,long,16,0.0020308375593544926,0.22411246139093027,trailing_stop,0,552.6151835917823,0.8017728924751282
AUDUSD,2025-12-03 02:00:00+00:00,0.657585752,2025-12-03 14:00:00+00:00,0.6588625132,long,14,0.0019415889047425347,0.21426670918115265,trailing_stop,0,552.8294503009635,0.8884348273277283
AUDUSD,2025-12-03 04:00:00+00:00,0.658025796,2025-12-03 14:00:00+00:00,0.658025796,long,12,0.0,0.0,trailing_stop,0,552.8294503009635,0.8912108540534973
AUDUSD,2025-12-03 05:00:00+00:00,0.6581558089999999,2025-12-03 14:00:00+00:00,0.6581558089999999,long,11,0.0,0.0,trailing_stop,0,552.8294503009635,0.8822426795959473
EURUSD,2025-10-27 12:00:00+00:00,1.164796468,2025-12-03 15:00:00+00:00,1.1659817638,long,652,0.0010175990677884176,0.10474673778536604,trailing_stop,0,552.9341970387488,0.7612887024879456
EURUSD,2025-12-03 09:00:00+00:00,1.16461645,2025-12-03 15:00:00+00:00,1.1659187575,long,8,0.00111822866661384,0.12348085522562681,trailing_stop,0,553.0576778939744,0.7261567115783691
EURUSD,2025-12-03 10:00:00+00:00,1.164776466,2025-12-03 15:00:00+00:00,1.1659747631,long,7,0.0010287785982791033,0.11360426935364426,trailing_stop,0,553.1712821633281,0.7062657475471497
AUDUSD,2025-12-03 06:00:00+00:00,0.6584058340000001,2025-12-03 17:00:00+00:00,0.6593900419,long,13,0.0014948347192194943,0.1649519832938607,trailing_stop,0,553.3362341466219,0.8632287383079529
AUDUSD,2025-12-03 07:00:00+00:00,0.6584058340000001,2025-12-03 17:00:00+00:00,0.6593900419,long,12,0.0014948347192194943,0.16496451268827125,trailing_stop,0,553.5011986593101,0.6528922319412231
AUDUSD,2025-12-03 09:00:00+00:00,0.658375831,2025-12-03 17:00:00+00:00,0.65937954085,long,10,0.0015245241437181168,0.16835876201972466,trailing_stop,0,553.6695574213298,0.7281094789505005
AUDUSD,2025-12-03 11:00:00+00:00,0.658955889,2025-12-04 01:00:00+00:00,0.66028456115,long,16,0.0020163294268700097,0.22265368487541667,trailing_stop,0,553.8922111062053,0.7945424318313599
AUDUSD,2025-12-03 12:00:00+00:00,0.659055899,2025-12-04 03:00:00+00:00,0.66031956465,long,17,0.0019173876630455943,0.21173443975988532,trailing_stop,0,554.1039455459652,0.8353768587112427
AUDUSD,2025-12-03 16:00:00+00:00,0.6598959830000001,2025-12-04 06:00:00+00:00,0.6608995940500001,long,16,0.001520862493263608,0.16829417100818322,trailing_stop,0,554.2722397169733,0.8538271188735962
AUDUSD,2025-12-03 19:00:00+00:00,0.6600359969999999,2025-12-04 06:00:00+00:00,0.66094859895,long,13,0.0013826548160222412,0.15313368825263463,trailing_stop,0,554.425373405226,0.7696634531021118
EURUSD,2025-11-14 13:00:00+00:00,1.1654665350000002,2025-12-04 10:00:00+00:00,1.1670872872500002,long,335,0.0013906467507452057,0.1488384334910151,trailing_stop,0,554.574211838717,0.7786940932273865
AUDUSD,2025-12-03 20:00:00+00:00,0.660236017,2025-12-04 10:00:00+00:00,0.66118110595,long,16,0.0014314410690503211,0.15854173024399112,trailing_stop,0,554.732753568961,0.8397479057312012
AUDUSD,2025-12-04 00:00:00+00:00,0.6605460479999999,2025-12-04 10:00:00+00:00,0.6612896168,long,12,0.0011256880610389156,0.12467940896678698,trailing_stop,0,554.8574329779278,0.8555513024330139
AUDUSD,2025-12-04 03:00:00+00:00,0.6608460780000001,2025-12-04 17:00:00+00:00,0.6616156273,long,16,0.0011644909845405025,0.12902511300769004,trailing_stop,0,554.9864580909356,0.7666537761688232
AUDUSD,2025-12-04 01:00:00+00:00,0.6610661,2025-12-05 08:00:00+00:00,0.662277635,long,33,0.0018326987271016337,0.20298676004674504,trailing_stop,0,555.1894448509823,0.9149067401885986
AUDUSD,2025-12-04 04:00:00+00:00,0.661046098,2025-12-05 08:00:00+00:00,0.6622706343,long,30,0.0018524219471301796,0.20532602895788893,trailing_stop,0,555.3947708799402,0.8487930297851562
AUDUSD,2025-12-04 05:00:00+00:00,0.6614961429999999,2025-12-05 09:00:00+00:00,0.66273365005,long,30,0.001870769864791231,0.20736287016026525,trailing_stop,0,555.6021337501005,0.8315138816833496
AUDUSD,2025-12-04 08:00:00+00:00,0.661726166,2025-12-05 11:00:00+00:00,0.6629376581,long,29,0.0018308057958827102,0.20305388915021796,trailing_stop,0,555.8051876392507,0.8171100616455078
USDCAD,2025-12-05 13:00:00+00:00,1.392890697,2025-12-05 13:00:00+00:00,1.392890697,short,2,0.0,0.0,trailing_stop,0,555.8051876392507,0.6809796690940857
USDCAD,2025-11-28 16:00:00+00:00,1.393870599,2025-12-05 15:00:00+00:00,1.3869006499999998,short,121,0.004600256553944349,0.5032600477545633,target,1,556.3084476870052,0.7626986503601074
USDCAD,2025-12-03 11:00:00+00:00,1.394510535,2025-12-05 15:00:00+00:00,1.3868708,short,54,0.0048870608611070515,0.5394712494806284,target,1,556.8479189364858,0.7174204587936401
USDCAD,2025-12-03 12:00:00+00:00,1.394350551,2025-12-05 15:00:00+00:00,1.3868708,short,53,0.004818595637073756,0.5319135291552587,target,1,557.3798324656411,0.7443883419036865
USDCAD,2025-12-03 14:00:00+00:00,1.394370549,2025-12-05 15:00:00+00:00,1.3868708,short,51,0.004827154649262437,0.5330145909027982,target,1,557.9128470565439,0.7514004111289978
AUDUSD,2025-12-05 07:00:00+00:00,0.6626962630000001,2025-12-05 15:00:00+00:00,0.6638621920500001,long,10,0.0017593716987657345,0.19531976028399206,trailing_stop,0,558.1081668168279,0.6781867742538452
USDCAD,2025-10-29 15:00:00+00:00,1.390220964,2025-12-05 18:00:00+00:00,1.3834679,short,652,0.004514528341122027,0.4670330002243816,target,1,558.5751998170523,0.8952020406723022
USDCAD,2025-12-05 14:00:00+00:00,1.388531133,2025-12-07 22:00:00+00:00,1.38422089655,short,10,0.003462501897535801,0.3848318728058272,trailing_stop,1,558.9600316898582,0.7090370059013367
USDCAD,2025-12-05 15:00:00+00:00,1.387201266,2025-12-07 22:00:00+00:00,1.3837554430999999,short,9,0.0024840107808840927,0.27608566289551123,trailing_stop,0,559.2361173527537,0.7073912620544434
USDCAD,2025-12-05 16:00:00+00:00,1.385241462,2025-12-08 00:00:00+00:00,1.3836350117,short,10,0.0011596897321284128,0.1294260436267111,trailing_stop,0,559.3655433963804,0.6718348264694214
USDCAD,2025-12-05 18:00:00+00:00,1.383281658,2025-12-08 14:00:00+00:00,1.3813955803,short,22,0.0013634805963718228,0.1521666125954802,trailing_stop,0,559.5177100089759,0.7022977471351624
EURJPY,2025-11-20 07:00:00+00:00,181.7501732,2025-12-09 09:00:00+00:00,181.7501732,long,316,0.0,0.0,trailing_stop,0,559.5177100089759,0.8479132652282715
USDJPY,2025-12-08 15:00:00+00:00,155.8505835,2025-12-09 09:00:00+00:00,156.22460422499998,long,20,0.0023998673383213856,0.2685960231898215,trailing_stop,0,559.7863060321657,0.8487672805786133
EURJPY,2025-12-09 06:00:00+00:00,181.7671749,2025-12-09 09:00:00+00:00,181.7671749,long,5,0.0,0.0,trailing_stop,0,559.7863060321657,0.7275193929672241
USDJPY,2025-12-08 17:00:00+00:00,155.9225907,2025-12-09 10:00:00+00:00,156.189356745,long,19,0.001710887715515601,0.19148213804560585,trailing_stop,0,559.9777881702113,0.6858667135238647
EURJPY,2025-12-09 15:00:00+00:00,182.068205,2025-12-09 15:00:00+00:00,182.068205,long,2,0.0,0.0,trailing_stop,0,559.9777881702113,0.8374238610267639
AUDUSD,2025-12-05 11:00:00+00:00,0.6636463579999999,2025-12-09 17:00:00+00:00,0.6647342253,long,56,0.001639227409125781,0.18218084610332955,trailing_stop,0,560.1599690163146,0.8111971616744995
AUDUSD,2025-12-05 13:00:00+00:00,0.663986392,2025-12-09 17:00:00+00:00,0.6648532372,long,54,0.001305516514260162,0.14515238654521226,trailing_stop,0,560.3051214028598,0.8251272439956665
EURJPY,2025-12-09 08:00:00+00:00,181.8391821,2025-12-09 18:00:00+00:00,182.309013735,long,12,0.0031502653374506787,0.3525843722990456,trailing_stop,1,560.6577057751588,0.8003466725349426
USDJPY,2025-12-09 09:00:00+00:00,156.35863429999998,2025-12-10 00:00:00+00:00,156.742372005,long,17,0.0024542149956602415,0.27467686947351355,trailing_stop,0,560.9323826446323,0.6854828596115112
USDJPY,2025-12-09 13:00:00+00:00,156.3806365,2025-12-10 00:00:00+00:00,156.750072775,long,13,0.0023624170055094908,0.2646218989285232,trailing_stop,0,561.1970045435609,0.7861512303352356
USDJPY,2025-12-09 08:00:00+00:00,156.2186203,2025-12-10 01:00:00+00:00,156.693367105,long,19,0.003423393923547519,0.3831502908002016,trailing_stop,1,561.5801548343611,0.8103097081184387
NZDUSD,2025-11-20 18:00:00+00:00,0.559134081,2025-12-10 20:00:00+00:00,0.58168,short,340,-0.04032292032651114,-4.3894994220620225,emergency_stop,0,557.1906554122991,0.6945833563804626
AUDUSD,2025-12-10 20:00:00+00:00,0.666826676,2025-12-10 20:00:00+00:00,0.666826676,long,2,0.0,0.0,trailing_stop,0,557.1906554122991,0.8254271149635315
AUDUSD,2025-12-05 14:00:00+00:00,0.664276421,2025-12-10 21:00:00+00:00,0.6677219999999999,long,81,0.004712179410023025,0.5239104596496831,target,1,557.7145658719487,0.7511586546897888
AUDUSD,2025-12-05 15:00:00+00:00,0.664546448,2025-12-10 21:00:00+00:00,0.6678828,long,80,0.004612296892150458,0.5128361572580113,target,1,558.2274020292067,0.6803115010261536
USDCHF,2025-12-10 16:00:00+00:00,0.802469745,2025-12-10 21:00:00+00:00,0.80041591075,short,7,0.0025593915070281593,0.2874068814928966,trailing_stop,0,558.5148089106996,0.718751847743988
EURUSD,2025-12-03 19:00:00+00:00,1.167386727,2025-12-10 22:00:00+00:00,1.16876035445,long,125,0.001176668723594307,0.1303202080747278,trailing_stop,0,558.6451291187743,0.7829409837722778
USDCAD,2025-12-08 12:00:00+00:00,1.381341852,2025-12-11 00:00:00+00:00,1.3798586482,short,62,0.0010737413029603263,0.12010554881576183,trailing_stop,0,558.7652346675901,0.6995539665222168
USDCAD,2025-12-08 02:00:00+00:00,1.3821917670000001,2025-12-11 01:00:00+00:00,1.37983761845,short,73,0.00170319966172975,0.19050940487497764,trailing_stop,0,558.9557440724651,0.6627063155174255
USDCAD,2025-12-08 03:00:00+00:00,1.3818118050000001,2025-12-11 01:00:00+00:00,1.3797046317500001,short,72,0.0015249350471426772,0.1705710558329075,trailing_stop,0,559.126315128298,0.7787695527076721
USDCAD,2025-12-08 06:00:00+00:00,1.3818118050000001,2025-12-11 01:00:00+00:00,1.3797046317500001,short,69,0.0015249350471426772,0.17057229003951543,trailing_stop,0,559.2968874183375,0.7056396007537842
EURUSD,2025-10-28 17:00:00+00:00,1.166976686,2025-12-11 02:00:00+00:00,1.1693708401,long,754,0.0020515869157647433,0.21153647099843273,trailing_stop,0,559.508423889336,0.8245670199394226
EURUSD,2025-12-03 18:00:00+00:00,1.167076696,2025-12-11 02:00:00+00:00,1.1694058436,long,130,0.001995710828588103,0.2210339065287981,trailing_stop,0,559.7294577958647,0.8361688256263733
EURUSD,2025-12-04 09:00:00+00:00,1.167876776,2025-12-11 02:00:00+00:00,1.1696858716,long,115,0.0015490466435990572,0.17179509858108385,trailing_stop,0,559.9012528944459,0.7358804941177368
EURUSD,2025-12-04 10:00:00+00:00,1.167966785,2025-12-11 02:00:00+00:00,1.16971737475,long,114,0.0014988352173046485,0.16622646168734587,trailing_stop,0,560.0674793561332,0.744372546672821
EURUSD,2025-10-29 16:00:00+00:00,1.166556644,2025-12-11 03:00:00+00:00,1.1692238254,long,732,0.0022863711022678016,0.2366061694765144,trailing_stop,0,560.3040855256097,0.6871001124382019
EURUSD,2025-12-04 12:00:00+00:00,1.168226811,2025-12-11 03:00:00+00:00,1.16973038385,long,113,0.001287055592152398,0.14285176141611589,trailing_stop,0,560.4469372870258,0.7926207184791565
EURUSD,2025-10-28 02:00:00+00:00,1.165946583,2025-12-11 04:00:00+00:00,1.16893230405,long,771,0.003136462009597885,0.3230192535856014,trailing_stop,1,560.7699565406114,0.6512443423271179
USDCHF,2025-12-01 13:00:00+00:00,0.80001999,2025-12-11 13:00:00+00:00,0.796,short,194,0.0046149171647573255,0.5078170111178951,target,1,561.2777735517293,0.7508471012115479
USDCHF,2025-12-03 18:00:00+00:00,0.799350057,2025-12-11 13:00:00+00:00,0.7953433000000001,short,141,0.004607511138514771,0.5101056628647772,target,1,561.7878792145941,0.8467348217964172
USDCHF,2025-12-03 19:00:00+00:00,0.799290063,2025-12-11 14:00:00+00:00,0.7951841,short,141,0.00468220746640267,0.5183819050562918,target,1,562.3062611196505,0.6704282760620117
USDCHF,2025-12-03 20:00:00+00:00,0.7992600660000001,2025-12-11 14:00:00+00:00,0.7951841,short,140,0.004659804566790519,0.5159209692465422,target,1,562.822182088897,0.7550219297409058
USDCHF,2025-12-11 00:00:00+00:00,0.799170075,2025-12-11 14:00:00+00:00,0.7951841,short,16,0.004592585777188981,0.5130160539198663,target,1,563.3351981428168,0.7982321381568909
EURUSD,2025-10-17 04:00:00+00:00,1.171147103,2025-12-11 15:00:00+00:00,1.17350198605,long,948,0.0020107491569314657,0.20532502226704552,trailing_stop,0,563.5405231650839,0.7120798826217651
USDCHF,2025-12-11 10:00:00+00:00,0.797900202,2025-12-11 15:00:00+00:00,0.7939105000000001,short,7,0.00460015113920219,0.5158220055757277,target,1,564.0563451706596,0.9386046528816223
USDCHF,2025-12-11 11:00:00+00:00,0.797050287,2025-12-11 16:00:00+00:00,0.79306475,short,7,0.004600214966361368,0.5158485194940383,target,1,564.5721936901537,0.9045366048812866
USDCHF,2025-12-11 12:00:00+00:00,0.7963103610000001,2025-12-11 18:00:00+00:00,0.79384012635,short,8,0.003461260210326513,0.38813095998309594,trailing_stop,1,564.9603246501367,0.9406300187110901
USDCHF,2025-12-11 13:00:00+00:00,0.796210371,2025-12-11 18:00:00+00:00,0.7938051298500001,short,7,0.0034125168203818527,0.3826554707222027,trailing_stop,1,565.3429801208589,0.7037131190299988
EURUSD,2025-12-11 14:00:00+00:00,1.173297318,2025-12-11 18:00:00+00:00,1.1751905613,long,6,0.001613609160231686,0.18133016312950678,trailing_stop,0,565.5243102839884,0.7900330424308777
USDCHF,2025-12-11 14:00:00+00:00,0.795400452,2025-12-11 18:00:00+00:00,0.7935216582,short,6,0.0023620728342256467,0.265356894706237,trailing_stop,0,565.7896671786946,0.753470778465271
EURUSD,2025-10-17 01:00:00+00:00,1.1708670749999999,2025-12-11 19:00:00+00:00,1.17433997625,long,955,0.003379656115106032,0.34472138123240564,trailing_stop,1,566.134388559927,0.7069860100746155
EURUSD,2025-12-11 10:00:00+00:00,1.170427031,2025-12-11 19:00:00+00:00,1.17418596085,long,11,0.0035269530267709806,0.3956318404516688,trailing_stop,1,566.5300204003786,0.6701861619949341
EURJPY,2025-12-09 16:00:00+00:00,182.4472429,2025-12-12 02:00:00+00:00,182.707085015,long,60,0.0014242041198858691,0.15953010430019895,trailing_stop,0,566.6895505046788,0.8430833220481873
EURJPY,2025-12-11 20:00:00+00:00,182.71726990000002,2025-12-12 16:00:00+00:00,182.995944465,long,22,0.0015251681745929405,0.17283934488443095,trailing_stop,0,566.8623898495632,0.651247501373291
EURUSD,2025-12-11 15:00:00+00:00,1.1739773859999998,2025-12-15 16:00:00+00:00,1.1758250850999998,long,51,0.0015738796351908984,0.17735720055323562,trailing_stop,0,567.0397470501165,0.8352649211883545
EURUSD,2025-12-11 16:00:00+00:00,1.175857574,2025-12-16 15:00:00+00:00,1.1785111509,long,73,0.0022567162543105836,0.2546301398120674,trailing_stop,0,567.2943771899286,0.8572292327880859
EURUSD,2025-12-15 15:00:00+00:00,1.1765476430000001,2025-12-16 15:00:00+00:00,1.1787526750500001,long,26,0.0018741544918466167,0.21251143145939705,trailing_stop,0,567.5068886213879,0.6797176599502563
EURUSD,2025-12-16 13:00:00+00:00,1.1779777859999998,2025-12-16 16:00:00+00:00,1.1779777859999998,long,5,0.0,0.0,trailing_stop,0,567.5068886213879,0.7759336829185486
AUDUSD,2025-12-17 01:00:00+00:00,0.662063787,2025-12-17 18:00:00+00:00,0.66100182545,short,19,0.0016040169706488504,0.18201518983904816,trailing_stop,0,567.688903811227,0.7985585331916809
AUDUSD,2025-12-17 05:00:00+00:00,0.661493844,2025-12-17 20:00:00+00:00,0.6605878454,short,17,0.001369625141968755,0.15542469894540956,trailing_stop,0,567.8443285101723,0.7768228054046631
AUDUSD,2025-12-17 07:00:00+00:00,0.661423851,2025-12-17 20:00:00+00:00,0.66056334785,short,15,0.0013009859694339467,0.14763777407424677,trailing_stop,0,567.9919662842466,0.77054363489151
AUDUSD,2025-12-17 10:00:00+00:00,0.661283865,2025-12-18 02:00:00+00:00,0.66010485275,short,18,0.0017829139835432934,0.20230930778702672,trailing_stop,0,568.1942755920336,0.7881670594215393
AUDUSD,2025-12-17 16:00:00+00:00,0.660973896,2025-12-18 03:00:00+00:00,0.6600938636,short,13,0.00133141778416013,0.15108435661000044,trailing_stop,0,568.3453599486436,0.7579388618469238
EURJPY,2025-12-12 01:00:00+00:00,182.82128029999998,2025-12-19 07:00:00+00:00,182.82128029999998,long,128,0.0,0.0,trailing_stop,0,568.3453599486436,0.7694169282913208
EURJPY,2025-12-12 06:00:00+00:00,182.8562838,2025-12-19 07:00:00+00:00,182.8562838,long,123,0.0,0.0,trailing_stop,0,568.3453599486436,0.7128207683563232
USDJPY,2025-12-18 08:00:00+00:00,155.9535938,2025-12-19 08:00:00+00:00,156.76592999999997,long,26,0.00472529970053172,0.5372154845742887,target,1,568.8825754332179,0.6908014416694641
USDJPY,2025-12-18 10:00:00+00:00,155.9545939,2025-12-19 08:00:00+00:00,156.73577999999998,long,24,0.004605436699739251,0.523578283593927,target,1,569.4061537168118,0.8083332777023315
EURJPY,2025-12-12 15:00:00+00:00,183.1003082,2025-12-19 10:00:00+00:00,184.01349,long,117,0.004592398458453243,0.5205761703649736,target,1,569.9267298871767,0.7061509490013123
USDJPY,2025-12-09 16:00:00+00:00,156.89068749999998,2025-12-19 12:00:00+00:00,157.217840625,long,190,0.0020852297240396994,0.23357024164327447,trailing_stop,0,570.16030012882,0.8133203983306885
USDJPY,2025-12-09 17:00:00+00:00,156.88168660000002,2025-12-19 12:00:00+00:00,157.21469031,long,189,0.002122642337783138,0.23775937903642277,trailing_stop,0,570.3980595078565,0.7295587658882141
USDJPY,2025-12-09 18:00:00+00:00,156.94269269999998,2025-12-19 12:00:00+00:00,157.221092445,long,188,0.001773894280839174,0.19881569089685952,trailing_stop,0,570.5968751987533,0.7118468284606934
USDJPY,2025-12-09 19:00:00+00:00,156.91869029999998,2025-12-19 12:00:00+00:00,157.212691605,long,187,0.0018735901022239364,0.21011758944557987,trailing_stop,0,570.8069927881988,0.7647342085838318
USDJPY,2025-12-19 09:00:00+00:00,156.9576942,2025-12-19 12:00:00+00:00,157.22634297,long,5,0.0017115998764461887,0.19494852973409416,trailing_stop,0,571.001941317933,0.8661487102508545
EURJPY,2025-12-19 09:00:00+00:00,183.8473829,2025-12-19 12:00:00+00:00,184.163034015,long,5,0.0017169192730454696,0.19556570930537867,trailing_stop,0,571.1975070272383,0.8307518362998962
NZDUSD,2025-12-18 04:00:00+00:00,0.575462448,2025-12-19 14:00:00+00:00,0.5742973568,short,36,0.0020246172518279906,0.23008136811569802,trailing_stop,0,571.4275883953541,0.7608553171157837
USDJPY,2025-12-19 08:00:00+00:00,156.7586743,2025-12-19 14:00:00+00:00,157.159286005,long,8,0.0031333570794302786,0.35622186185370597,trailing_stop,1,571.7838102572077,0.8756418824195862
EURJPY,2025-12-19 08:00:00+00:00,183.5323514,2025-12-19 14:00:00+00:00,184.42252499999998,long,8,0.0045101363107146525,0.512747803920506,target,1,572.2965580611283,0.8293949961662292
EURJPY,2025-12-19 10:00:00+00:00,184.15241339999997,2025-12-19 16:00:00+00:00,184.47389468999998,long,8,0.0017457348728941958,0.1988414347499714,trailing_stop,0,572.4953994958782,0.8417752981185913
USDJPY,2025-12-19 10:00:00+00:00,157.22672110000002,2025-12-21 22:00:00+00:00,157.581802385,long,14,0.0022584029134217116,0.25723014815163087,trailing_stop,0,572.7526296440299,0.8647667169570923
EURJPY,2025-12-19 11:00:00+00:00,184.3574339,2025-12-21 22:00:00+00:00,184.3574339,long,13,0.0,0.0,trailing_stop,0,572.7526296440299,0.7932761907577515
EURJPY,2025-12-19 14:00:00+00:00,184.4094391,2025-12-22 09:00:00+00:00,184.721803685,long,21,0.0016938644058812262,0.19354027046280667,trailing_stop,0,572.9461699144927,0.8117433786392212
USDCHF,2025-12-11 15:00:00+00:00,0.7940005920000001,2025-12-22 18:00:00+00:00,0.7924792072000001,short,173,0.0019161003345951782,0.21584345524956625,trailing_stop,0,573.1620133697422,0.7525635957717896
USDCHF,2025-12-11 17:00:00+00:00,0.7930906830000001,2025-12-23 06:00:00+00:00,0.79067873905,short,183,0.003424717401200467,0.38663700029247977,trailing_stop,1,573.5486503700347,0.6572892665863037
USDCAD,2025-12-23 03:00:00+00:00,1.373352651,2025-12-23 11:00:00+00:00,1.3711149278499999,short,10,0.0016293871412930692,0.18674964778435427,trailing_stop,0,573.7354000178191,0.7975655794143677
USDCAD,2025-12-23 04:00:00+00:00,1.373182668,2025-12-23 12:00:00+00:00,1.3709644338,short,10,0.0016153962991907738,0.18514341177893076,trailing_stop,0,573.920543429598,0.7938077449798584
EURUSD,2025-12-22 16:00:00+00:00,1.176597648,2025-12-23 13:00:00+00:00,1.1789001768,long,23,0.001956938129116536,0.22428171660622817,trailing_stop,0,574.1448251462042,0.7235075831413269
USDCHF,2025-12-23 04:00:00+00:00,0.789331059,2025-12-23 13:00:00+00:00,0.78765987065,short,11,0.002117221070861243,0.24264713034820795,trailing_stop,0,574.3874722765524,0.8296627998352051
USDCHF,2025-12-23 05:00:00+00:00,0.789461046,2025-12-23 13:00:00+00:00,0.7877053661,short,10,0.00222389680769636,0.25488254361439305,trailing_stop,0,574.6423548201668,0.7991161942481995
USDCHF,2025-12-23 09:00:00+00:00,0.788631129,2025-12-23 13:00:00+00:00,0.788631129,short,6,0.0,0.0,trailing_stop,0,574.6423548201668,0.8545295596122742
USDCAD,2025-12-11 16:00:00+00:00,1.375742412,2025-12-23 14:00:00+00:00,1.3713273441999998,short,192,0.0035255353741322835,0.3976514459604963,trailing_stop,1,575.0400062661273,0.8298425674438477
USDCAD,2025-12-12 11:00:00+00:00,1.3756324229999999,2025-12-23 14:00:00+00:00,1.3712888480499998,short,173,0.003494506792967633,0.39599458560007483,trailing_stop,1,575.4360008517274,0.6938888430595398
USDCAD,2025-12-12 12:00:00+00:00,1.375442442,2025-12-23 14:00:00+00:00,1.3712223547,short,172,0.003440900282470711,0.38992277158596816,trailing_stop,1,575.8259236233133,0.8658024668693542
USDCAD,2025-12-15 13:00:00+00:00,1.3749424920000002,2025-12-23 14:00:00+00:00,1.3715803722,short,147,0.003067168184660437,0.34766734408762856,trailing_stop,1,576.173590967401,0.81400465965271
USDCAD,2025-12-22 14:00:00+00:00,1.375322454,2025-12-23 14:00:00+00:00,1.3711803589,short,26,0.003407035908395035,0.3903478903771118,trailing_stop,1,576.5639388577781,0.6853563189506531
USDCAD,2025-12-23 09:00:00+00:00,1.371852801,2025-12-23 14:00:00+00:00,1.371852801,short,7,0.0,0.0,trailing_stop,0,576.5639388577781,0.8449991941452026
USDCHF,2025-11-14 13:00:00+00:00,0.788231169,2025-12-24 03:00:00+00:00,0.78700190915,short,664,0.0015595169264360788,0.16684910672094563,trailing_stop,0,576.7307879644991,0.935607373714447
EURUSD,2025-12-23 08:00:00+00:00,1.1780577939999999,2025-12-24 03:00:00+00:00,1.1797882279,long,21,0.0014688871028344145,0.16852250722060128,trailing_stop,0,576.8993104717197,0.6609137654304504
USDCAD,2025-12-23 10:00:00+00:00,1.370272959,2025-12-24 12:00:00+00:00,1.36813253565,short,28,0.0015620415888247677,0.1791503781239093,trailing_stop,0,577.0784608498436,0.9132404923439026
USDCAD,2025-12-23 13:00:00+00:00,1.369853001,2025-12-24 13:00:00+00:00,1.36782305035,short,26,0.0014818748059231442,0.17006749681527064,trailing_stop,0,577.2485283466589,0.8124986886978149
USDCAD,2025-12-23 11:00:00+00:00,1.369643022,2025-12-24 15:00:00+00:00,1.3676520577,short,30,0.0014536373843548913,0.16671750623411186,trailing_stop,0,577.415245852893,0.9080923795700073
USDCAD,2025-12-24 00:00:00+00:00,1.368333153,2025-12-26 15:00:00+00:00,1.36592610355,short,41,0.0017591106703236624,0.20280988636734193,trailing_stop,0,577.6180557392604,0.6501151919364929
USDCAD,2025-12-24 01:00:00+00:00,1.368373149,2025-12-26 15:00:00+00:00,1.36594010215,short,40,0.0017780580185880344,0.20499734405879175,trailing_stop,0,577.8230530833192,0.6648693084716797
USDCAD,2025-12-24 02:00:00+00:00,1.367543232,2025-12-26 16:00:00+00:00,1.3654741312,short,40,0.0015130057694585563,0.17444126266914958,trailing_stop,0,577.9974943459883,0.8058017492294312
USDCAD,2025-12-24 10:00:00+00:00,1.367233263,2025-12-26 16:00:00+00:00,1.367233263,short,32,0.0,0.0,trailing_stop,0,577.9974943459883,0.7020460963249207
NZDUSD,2025-12-29 12:00:00+00:00,0.579852009,2025-12-31 03:00:00+00:00,0.57845970315,short,41,0.0024011399950156125,0.2775093253778723,trailing_stop,0,578.2750036713662,0.7855818271636963
NZDUSD,2025-12-31 02:00:00+00:00,0.5779422,2025-12-31 11:00:00+00:00,0.5767447699999999,short,11,0.0020718853892310596,0.23944353560102008,trailing_stop,0,578.5144472069672,0.8632206916809082
NZDUSD,2025-12-31 15:00:00+00:00,0.575762418,2025-12-31 15:00:00+00:00,0.575762418,short,2,0.0,0.0,trailing_stop,0,578.5144472069672,0.8928737044334412
NZDUSD,2025-12-31 11:00:00+00:00,0.576122382,2025-12-31 17:00:00+00:00,0.5753538337,short,8,0.0013340018093585355,0.15424713532228265,trailing_stop,0,578.6686943422895,0.6805967688560486
